Address,Availability,Owner,Price,Rooms,Size,links
"C.F. Møllers Allé  22, st. TH2300 København S",01-10-2017,Deas logo,"14.733,33 kr.998,00 kr.",3,104,/bolig.aspx?aid=27995&s=2
"C.F. Møllers Allé  22, 7. TH2300 København S",01-10-2017,Deas logo,"15.383,33 kr.1.090,00 kr.",3,104,/bolig.aspx?aid=27994&s=2
"C.F. Møllers Allé  22, 5. TV2300 København S",01-10-2017,Deas logo,"14.291,67 kr.910,00 kr.",3,98,/bolig.aspx?aid=27993&s=2
"C. F. Møllers Alle  4F, 4. TV2300 København S",01-10-2017,Deas logo,"14.145,83 kr.920,00 kr.",3,97,/bolig.aspx?aid=27992&s=2
"C. F. Møllers Alle  4F, 2. TV2300 København S",01-10-2017,Deas logo,"14.065,00 kr.1.010,00 kr.",3,97,/bolig.aspx?aid=27991&s=2
"C. F. Møllers Alle  2D, 5. TH2300 København S",01-10-2017,Deas logo,"14.000,00 kr.800,00 kr.",3,96,/bolig.aspx?aid=27990&s=2
"C. F. Møllers Alle  2C, 5. TV2300 København S",01-10-2017,Deas logo,"14.291,67 kr.1.010,00 kr.",3,98,/bolig.aspx?aid=27989&s=2
"C. F. Møllers Alle  2B, 4. TH2300 København S",01-10-2017,Deas logo,"14.000,00 kr.800,00 kr.",3,96,/bolig.aspx?aid=27988&s=2
"C. F. Møllers Alle  2B, 3. TH2300 København S",01-10-2017,Deas logo,"13.800,00 kr.460,00 kr.",3,96,/bolig.aspx?aid=27987&s=2
"C. F. Møllers Alle  2B, 1. TV2300 København S",01-10-2017,Deas logo,"13.958,33 kr.790,00 kr.",3,100,/bolig.aspx?aid=27986&s=2
"C. F. Møllers Alle  2A, st.2300 København S",01-10-2017,Deas logo,"15.016,67 kr.740,00 kr.",3,106,/bolig.aspx?aid=27985&s=2
"C. F. Møllers Alle  2A, 6. TH2300 København S",01-10-2017,Deas logo,"14.240,00 kr.300,00 kr.",3,96,/bolig.aspx?aid=27984&s=2
"C. F. Møllers Alle  2A, 1. TV2300 København S",01-10-2017,Deas logo,"14.168,26 kr.780,00 kr.",3,101,/bolig.aspx?aid=27983&s=2
"Krimsvej  11D, st. th.2300 København S",01-12-2017,Lærernes Pension,"11.628,50 kr.700,00 kr.",2,80,/bolig.aspx?aid=27982&s=2
"Marie Curies Allé  4, st. TV.9220 Aalborg Øst",01-11-2017,DaVinciLogo,"8.700,00 kr.805,00 kr.",3,98,/bolig.aspx?aid=27980&s=2
"Dag Hammarskjölds Alle  19 , 5. th2100 København Ø",01-10-2017,Danske civil- og akademiingeniørers Pensionskasse,"13.222,83 kr.790,00 kr.",2,105,/bolig.aspx?aid=27979&s=2
"Margretheholmsvej  40, 7. tv1432 København K",01-12-2017,PKA_Logo_2014,"19.279,09 kr.1.420,00 kr.",4,137,/bolig.aspx?aid=27976&s=2
"Silkeborgvej 28, 3. 18000 Århus C",01-10-2017,TDCP,"8.925,00 kr.525,00 kr.",2,72,/bolig.aspx?aid=27975&s=2
"Ved Store Dyrehave  28, 2. TV.3400 Hillerød",15-12-2017,PenSam,"15.633,44 kr.1.516,67 kr.",4,128,/bolig.aspx?aid=27971&s=2
"Silkeborgvej 28, 3. 38000 Århus C",Ledig nu,TDCP,"8.814,00 kr.515,00 kr.",2,72,/bolig.aspx?aid=27970&s=2
"Silkeborgvej 30, 4. 18000 Århus C",Ledig nu,TDCP,"8.873,00 kr.745,00 kr.",2,73,/bolig.aspx?aid=27969&s=2
"Rytterparken  87 , st.  2765 Smørum",01-10-2017,Deas Logo,"12.160,52 kr.",4,111,/bolig.aspx?aid=27967&s=2
"Lyngholmpark  39 , 1.  3520 Farum",15-12-2017,Deas Logo,"7.136,76 kr.600,00 kr.",2,70,/bolig.aspx?aid=27966&s=2
"Carl Jacobsens Vej  19Y, 2. TV2500 Valby",01-12-2017,Lærernes Pension,"13.768,36 kr.1.100,00 kr.",4,109,/bolig.aspx?aid=27964&s=2
"Carl Jacobsens Vej  19T, 1. TH2500 Valby",01-12-2017,Lærernes Pension,"14.120,11 kr.1.150,00 kr.",4,118,/bolig.aspx?aid=27963&s=2
"Carl Jacobsens Vej  19U, 1. TV2500 Valby",01-12-2017,Lærernes Pension,"15.979,34 kr.1.350,00 kr.",5,140,/bolig.aspx?aid=27962&s=2
Emiliedalen  2158270 Højbjerg,01-12-2017,Lærernes Pension,"13.305,72 kr.",5,127,/bolig.aspx?aid=27961&s=2
"Grejsåvænget  3 , 1. th.7100 Vejle",01-12-2017,Sampension,"8.641,67 kr.800,00 kr.",3,92,/bolig.aspx?aid=27960&s=2
"Dirch Passers Allé  19, 2. tv2000 Frederiksberg",01-12-2017,Pædagogernes Pensionskasse,"16.214,08 kr.1.127,80 kr.",3,105,/bolig.aspx?aid=27957&s=2
"Filosofhaven  32 , 3. th.5000 Odense C",01-10-2017,Sampension,"5.435,78 kr.350,00 kr.",1,55,/bolig.aspx?aid=27954&s=2
"Poul Hartlings Gade  6, 1. th2300 København S",01-12-2017,Sampension,"14.339,38 kr.962,50 kr.",3,90,/bolig.aspx?aid=27953&s=2
"Alliancevej 28, 2. tv2450 København SV",01-01-2018,CEJ Ejendomsadministration,"16.600,00 kr.1.300,00 kr.",4,108,/bolig.aspx?aid=27949&s=2
"Ågades Passage  14 , 2. th.9000 Aalborg",01-12-2017,Sampension,"7.570,83 kr.320,00 kr.",3,79,/bolig.aspx?aid=27948&s=2
"Alliancevej 26, 1. tv2450 København SV",01-01-2018,CEJ Ejendomsadministration,"15.200,00 kr.1.100,00 kr.",3,94,/bolig.aspx?aid=27947&s=2
"Herlev Hovedgade  104, 1. th2730 Herlev",01-10-2017,AdvokaterLoegstrup,"9.450,00 kr.1.600,00 kr.",3,108,/bolig.aspx?aid=27946&s=2
"Marmorvej  47, 1. tv.2100 København Ø",01-10-2017,Pensam,"15.152,84 kr.1.120,00 kr.",3,99,/bolig.aspx?aid=27944&s=2
"Dambakken 55, 1. th3460 Birkerød",01-10-2017,CEJ Ejendomsadministration,"13.950,00 kr.1.510,00 kr.",4,124,/bolig.aspx?aid=27939&s=2
"John F. Kennedys Plads  2A, 3. lejl. 29000 Aalborg",01-10-2017,Magnus_Kjoller,"7.088,21 kr.750,00 kr.",3,75,/bolig.aspx?aid=27938&s=2
"Dambakken 57, 1. th3460 Birkerød",01-10-2017,CEJ Ejendomsadministration,"12.500,00 kr.1.250,00 kr.",3,106,/bolig.aspx?aid=27937&s=2
"Stiholmsvej 4, 2. 33460 Birkerød",01-10-2017,CEJ Ejendomsadministration,"13.659,00 kr.1.300,00 kr.",4,157,/bolig.aspx?aid=27936&s=2
"Axel Heides Gade  24, st. TH.2300 København S",01-11-2017,Lærernes Pension,"15.303,85 kr.1.360,00 kr.",3,111,/bolig.aspx?aid=27935&s=2
"Kalmargade  40A, 3. Nr. 28200 Århus N",15-11-2017,Lærernes Pension,"7.637,09 kr.800,00 kr.",2,62,/bolig.aspx?aid=27934&s=2
"Artillerivej  106, 1. TV.2300 København S",01-10-2017,Lærernes Pension,"13.516,06 kr.1.120,00 kr.",3,94,/bolig.aspx?aid=27931&s=2
"Krimsvej  23, 14. tv.2300 København S",01-11-2017,Lærernes Pension,"14.416,22 kr.1.000,00 kr.",3,92,/bolig.aspx?aid=27930&s=2
"Frihedsvej  6, 1. tv.2960 Rungsted Kyst",01-10-2017,Logo,"18.722,83 kr.1.350,00 kr.",4,161,/bolig.aspx?aid=27924&s=2
"Sct. Jørgens Gade 3, st. 26000 Kolding",01-12-2017,TDCP,"10.074,00 kr.1.375,00 kr.",3,108,/bolig.aspx?aid=27923&s=2
"Krimsvej  23, 4. mf.2300 København S",01-12-2017,Lærernes Pension,"14.600,00 kr.1.200,00 kr.",3,106,/bolig.aspx?aid=27920&s=2
"Margretheholmsvej  42, 2. tv1432 København K",01-12-2017,PKA_Logo_2014,"11.922,59 kr.960,00 kr.",4,92,/bolig.aspx?aid=27916&s=2
"Katrinebjergvej  67, st. tv.8200 Århus N",01-12-2017,Logo,"9.826,17 kr.616,67 kr.",3,86,/bolig.aspx?aid=27904&s=2
"Carl Jacobsens Vej  19U, 2. TH2500 Valby",01-11-2017,Lærernes Pension,"15.652,72 kr.1.200,00 kr.",4,127,/bolig.aspx?aid=27901&s=2
"Carl Jacobsens Vej  19Z, 5. TV2500 Valby",01-10-2017,Lærernes Pension,"13.542,24 kr.1.100,00 kr.",4,105,/bolig.aspx?aid=27891&s=2
"Algade  33, 5.4000 Roskilde",01-11-2017,PKA_Logo_2014,"17.611,50 kr.2.175,00 kr.",6,177,/bolig.aspx?aid=27890&s=2
"Emiliedalsvej  3, st. lejl. 48270 Højbjerg",01-10-2017,Lærernes Pension,"8.549,09 kr.400,00 kr.",3,75,/bolig.aspx?aid=27889&s=2
"Emiliedalsvej  99, st. lejl. 98270 Højbjerg",15-10-2017,Lærernes Pension,"11.551,79 kr.690,00 kr.",4,98,/bolig.aspx?aid=27888&s=2
"Emiliedalsvej  5, 2. lejl. 28270 Højbjerg",01-11-2017,Lærernes Pension,"9.809,39 kr.713,00 kr.",3,101,/bolig.aspx?aid=27886&s=2
"Axel Heides Gade  12, 5. tv2300 København S",01-10-2017,Sampension,"14.264,41 kr.1.160,00 kr.",3,90,/bolig.aspx?aid=27885&s=2
"Lerdalen  41, st.8270 Højbjerg",15-10-2017,PKA_Logo_2014,"10.158,23 kr.",4,110,/bolig.aspx?aid=27883&s=2
Troldkærvej  229240 Nibe,01-11-2017,OS,"7.593,24 kr.",3,99,/bolig.aspx?aid=27880&s=2
"Artillerivej  160, 9. 42300 København S",01-12-2017,PKA_Logo_2014,"17.135,08 kr.1.400,00 kr.",4,129,/bolig.aspx?aid=27850&s=2
"Teglholmsgade  60, st. th.2450 København SV",01-10-2017,Pensamlogo,"12.826,25 kr.960,00 kr.",3,92,/bolig.aspx?aid=27832&s=2
"Edvard Thomsens Vej 7C, 3. tv2300 København S",01-12-2017,CEJ Ejendomsadministration,"13.400,00 kr.900,00 kr.",3,100,/bolig.aspx?aid=27821&s=2
"Axel Heides Gade  20, st. tv2300 København S",01-10-2017,Sampension,"17.138,78 kr.1.320,00 kr.",3,108,/bolig.aspx?aid=27816&s=2
"Marie Curies Allé  81, 2. TV9220 Aalborg Øst",Ledig nu,DaVinciLogo,"9.350,00 kr.805,00 kr.",4,113,/bolig.aspx?aid=27813&s=2
"Gyvelholm  13 , 1.  2830 Virum",01-10-2017,Deas Logo,"14.817,36 kr.",3,105,/bolig.aspx?aid=27810&s=2
"Klosterhaven  28 , st.  4180 Sorø",01-12-2017,PKA_Logo_2014,"9.325,51 kr.950,00 kr.",4,113,/bolig.aspx?aid=27806&s=2
"Marmorvej  45, st. tv.2100 København Ø",01-10-2017,Pensam,"18.776,59 kr.1.360,00 kr.",4,124,/bolig.aspx?aid=27805&s=2
"C. F. Møllers Alle  2D, st. MF.2300 København S",15-11-2017,Deas logo,"10.153,83 kr.510,00 kr.",3,82,/bolig.aspx?aid=27800&s=2
"C. F. Møllers Alle  2D, 2. TH.2300 København S",01-11-2017,Deas logo,"13.965,00 kr.460,00 kr.",3,98,/bolig.aspx?aid=27799&s=2
"Vesterbrogade 14, 2. th1620 København V",01-10-2017,AdvokaterLoegstrup,"16.000,00 kr.1.200,00 kr.",4,112,/bolig.aspx?aid=27793&s=2
"Carl Jacobsens Vej  17A, st. TH.2500 Valby",01-12-2017,PKA_Logo_2014,"12.291,37 kr.1.150,00 kr.",3,106,/bolig.aspx?aid=27786&s=2
"Artillerivej  160, 14. 32300 København S",01-12-2017,PKA_Logo_2014,"19.597,30 kr.1.455,00 kr.",4,134,/bolig.aspx?aid=27785&s=2
"Artillerivej  160, 6. 22300 København S",01-12-2017,PKA_Logo_2014,"15.828,59 kr.1.460,00 kr.",4,127,/bolig.aspx?aid=27782&s=2
"Artillerivej  160, 11. 12300 København S",01-12-2017,PKA_Logo_2014,"14.622,60 kr.1.085,00 kr.",3,100,/bolig.aspx?aid=27781&s=2
"Vestre Teglgade  2P, 3. TH2450 København SV",01-11-2017,PKA_Logo_2014,"14.701,43 kr.1.160,00 kr.",4,111,/bolig.aspx?aid=27780&s=2
"Strandbjerg  1E, 2. tv.2960 Rungsted Kyst",01-11-2017,Deas Logo,"17.994,82 kr.1.100,00 kr.",3,150,/bolig.aspx?aid=27767&s=2
"Vesterbrogade 31, 4. tv1620 København V",01-12-2017,AdvokaterLoegstrup,"12.500,00 kr.1.725,00 kr.",2,101,/bolig.aspx?aid=27765&s=2
"Nørrebrogade 224, 4. th2200 København N",01-11-2017,AdvokaterLoegstrup,"15.000,00 kr.1.350,00 kr.",3,102,/bolig.aspx?aid=27757&s=2
"Nørrebrogade 224, 4. tv2200 København N",01-11-2017,AdvokaterLoegstrup,"13.500,00 kr.1.350,00 kr.",3,92,/bolig.aspx?aid=27756&s=2
"Nørrebrogade 224, 3. th2200 København N",01-11-2017,AdvokaterLoegstrup,"15.000,00 kr.1.350,00 kr.",3,102,/bolig.aspx?aid=27755&s=2
"Nørrebrogade 224, 3. tv2200 København N",01-11-2017,AdvokaterLoegstrup,"13.000,00 kr.1.350,00 kr.",3,93,/bolig.aspx?aid=27754&s=2
"Nørrebrogade 224, 2. th2200 København N",01-11-2017,AdvokaterLoegstrup,"15.000,00 kr.1.350,00 kr.",3,102,/bolig.aspx?aid=27753&s=2
"Nørrebrogade 224, 2. tv2200 København N",01-11-2017,AdvokaterLoegstrup,"12.500,00 kr.1.350,00 kr.",3,93,/bolig.aspx?aid=27752&s=2
"Nørrebrogade 224, 1. th2200 København N",01-11-2017,AdvokaterLoegstrup,"14.000,00 kr.1.350,00 kr.",3,102,/bolig.aspx?aid=27751&s=2
"Nørrebrogade 224, 1. tv2200 København N",01-11-2017,AdvokaterLoegstrup,"11.250,00 kr.1.350,00 kr.",3,93,/bolig.aspx?aid=27750&s=2
"Carl Jacobsens Vej  19N, 3. TV2500 Valby",01-10-2017,Lærernes Pension,"15.125,10 kr.1.175,00 kr.",4,114,/bolig.aspx?aid=27748&s=2
"Artillerivej  156, 4. th2300 København S",01-12-2017,PKA_Logo_2014,"15.815,55 kr.1.285,00 kr.",4,123,/bolig.aspx?aid=27747&s=2
"Krimsvej  11F, 15. th.2300 København S",01-10-2017,Lærernes Pension,"16.861,83 kr.1.100,00 kr.",3,101,/bolig.aspx?aid=27745&s=2
"Bordeauxgade  1, 2. tv.2150 Nordhavn",15-11-2017,PKA_Logo_2014,"19.020,01 kr.1.310,83 kr.",3,121,/bolig.aspx?aid=27740&s=2
"Artillerivej  150, 3. tv2300 København S",15-11-2017,PKA_Logo_2014,"12.374,68 kr.970,00 kr.",3,92,/bolig.aspx?aid=27738&s=2
"Limfjordsvej  49, 3. 19400 Nørresundby",15-02-2018,DEAS,"8.404,00 kr.700,00 kr.",3,92,/bolig.aspx?aid=27730&s=2
"Limfjordsvej  49, 2. 49400 Nørresundby",15-02-2018,DEAS,"10.868,00 kr.700,00 kr.",4,113,/bolig.aspx?aid=27729&s=2
"Limfjordsvej  49, 2. 29400 Nørresundby",15-02-2018,DEAS,"7.809,00 kr.700,00 kr.",2,76,/bolig.aspx?aid=27727&s=2
"Limfjordsvej  49, 2. 19400 Nørresundby",15-02-2018,DEAS,"8.404,00 kr.700,00 kr.",3,92,/bolig.aspx?aid=27726&s=2
"Limfjordsvej  49, 1. 59400 Nørresundby",15-02-2018,DEAS,"8.864,00 kr.700,00 kr.",3,93,/bolig.aspx?aid=27725&s=2
"Limfjordsvej  49, 1. 49400 Nørresundby",15-02-2018,DEAS,"8.065,00 kr.700,00 kr.",3,89,/bolig.aspx?aid=27724&s=2
"Limfjordsvej  49, 1. 39400 Nørresundby",15-02-2018,DEAS,"8.140,00 kr.700,00 kr.",3,89,/bolig.aspx?aid=27723&s=2
"Limfjordsvej  49, 1. 29400 Nørresundby",15-02-2018,DEAS,"7.682,00 kr.700,00 kr.",2,76,/bolig.aspx?aid=27722&s=2
"Limfjordsvej  49, 1. 19400 Nørresundby",15-02-2018,DEAS,"8.404,00 kr.700,00 kr.",3,92,/bolig.aspx?aid=27721&s=2
"Limfjordsvej  47, st.9400 Nørresundby",15-02-2018,DEAS,"8.366,00 kr.700,00 kr.",3,92,/bolig.aspx?aid=27720&s=2
"Limfjordsvej  45, st.9400 Nørresundby",15-02-2018,DEAS,"9.902,00 kr.700,00 kr.",4,112,/bolig.aspx?aid=27719&s=2
"Limfjordsvej  41, st.9400 Nørresundby",15-02-2018,DEAS,"8.102,00 kr.700,00 kr.",3,89,/bolig.aspx?aid=27717&s=2
"Limfjordsvej  51, st.9400 Nørresundby",15-02-2018,DEAS,"7.714,00 kr.700,00 kr.",2,76,/bolig.aspx?aid=27714&s=2
"Limfjordsvej  53, st.9400 Nørresundby",15-02-2018,DEAS,"8.102,00 kr.700,00 kr.",3,89,/bolig.aspx?aid=27713&s=2
"Limfjordsvej  55, st.9400 Nørresundby",15-02-2018,DEAS,"8.102,00 kr.700,00 kr.",3,89,/bolig.aspx?aid=27712&s=2
"Limfjordsvej  57, st.9400 Nørresundby",15-02-2018,DEAS,"8.438,00 kr.700,00 kr.",3,93,/bolig.aspx?aid=27711&s=2
"Limfjordsvej  39, st.9400 Nørresundby",15-02-2018,DEAS,"8.102,00 kr.700,00 kr.",3,89,/bolig.aspx?aid=27710&s=2
"Limfjordsvej  35, 4. 29400 Nørresundby",15-02-2018,DEAS,"10.525,00 kr.700,00 kr.",4,116,/bolig.aspx?aid=27707&s=2
"Limfjordsvej  35, 4. 19400 Nørresundby",15-02-2018,DEAS,"10.038,00 kr.700,00 kr.",4,110,/bolig.aspx?aid=27706&s=2
"Limfjordsvej  35, 3. 29400 Nørresundby",15-02-2018,DEAS,"10.234,00 kr.700,00 kr.",4,116,/bolig.aspx?aid=27703&s=2
"Limfjordsvej  35, 3. 19400 Nørresundby",15-02-2018,DEAS,"9.763,00 kr.700,00 kr.",4,110,/bolig.aspx?aid=27702&s=2
"Limfjordsvej  35, 2. 59400 Nørresundby",15-02-2018,DEAS,"10.868,00 kr.700,00 kr.",4,113,/bolig.aspx?aid=27701&s=2
"Limfjordsvej  35, 2. 29400 Nørresundby",15-02-2018,DEAS,"10.234,00 kr.700,00 kr.",4,116,/bolig.aspx?aid=27698&s=2
"Limfjordsvej  35, 2. 19400 Nørresundby",15-02-2018,DEAS,"9.763,00 kr.700,00 kr.",4,110,/bolig.aspx?aid=27697&s=2
"Limfjordsvej  35, 1. 69400 Nørresundby",15-02-2018,DEAS,"8.787,00 kr.700,00 kr.",3,93,/bolig.aspx?aid=27696&s=2
"Limfjordsvej  35, 1. 49400 Nørresundby",15-02-2018,DEAS,"8.065,00 kr.700,00 kr.",3,89,/bolig.aspx?aid=27694&s=2
"Limfjordsvej  35, 1. 29400 Nørresundby",15-02-2018,DEAS,"8.391,00 kr.700,00 kr.",3,93,/bolig.aspx?aid=27692&s=2
"Limfjordsvej  35, 1. 19400 Nørresundby",15-02-2018,DEAS,"9.949,00 kr.700,00 kr.",4,112,/bolig.aspx?aid=27691&s=2
"Limfjordsvej  33, st.9400 Nørresundby",15-02-2018,DEAS,"7.976,00 kr.700,00 kr.",2,79,/bolig.aspx?aid=27690&s=2
"Søndervangs Allé  12B, 3. TH.8260 Viby J",01-11-2017,PKA_Logo_2014,"9.571,75 kr.650,00 kr.",4,91,/bolig.aspx?aid=27688&s=2
"Rygård Park  74, st.9400 Nørresundby",01-12-2017,DEAS,"9.187,00 kr.850,00 kr.",4,104,/bolig.aspx?aid=27683&s=2
"Rygård Park  76, st.9400 Nørresundby",01-12-2017,DEAS,"9.187,00 kr.850,00 kr.",4,104,/bolig.aspx?aid=27682&s=2
"Rygård Park  78, st.9400 Nørresundby",01-12-2017,DEAS,"9.187,00 kr.850,00 kr.",4,104,/bolig.aspx?aid=27680&s=2
"Rygård Park  80, st.9400 Nørresundby",01-12-2017,DEAS,"9.187,00 kr.850,00 kr.",4,104,/bolig.aspx?aid=27678&s=2
"Rygård Park  82, st.9400 Nørresundby",01-12-2017,DEAS,"9.187,00 kr.850,00 kr.",4,104,/bolig.aspx?aid=27677&s=2
"Rygård Park  98, st.9400 Nørresundby",01-12-2017,DEAS,"8.855,00 kr.850,00 kr.",3,97,/bolig.aspx?aid=27665&s=2
"Vejgård Bymidte  101, 1. 19000 Aalborg",01-11-2017,PKA_Logo_2014,"4.295,00 kr.400,00 kr.",1,43,/bolig.aspx?aid=27663&s=2
"Mortonsvej  8, 2. TH2800 Kongens Lyngby",01-11-2017,PKA_Logo_2014,"16.400,62 kr.1.233,33 kr.",4,118,/bolig.aspx?aid=27661&s=2
Lille Ellekongstræde  1   3700 Rønne,01-11-2017,PKA_Logo_2014,"6.726,75 kr.450,00 kr.",2,83,/bolig.aspx?aid=27660&s=2
"Filosofhaven  13 , 3. th.5000 Odense C",01-10-2017,Sampension,"13.721,09 kr.600,00 kr.",5,140,/bolig.aspx?aid=27651&s=2
"Østre Havnegade   24, 1. 19000 Aalborg",01-10-2017,PFA Logo,"7.956,67 kr.866,25 kr.",3,78,/bolig.aspx?aid=27649&s=2
"Østre Havnegade   24, 2. 19000 Aalborg",01-10-2017,PFA Logo,"7.956,67 kr.866,25 kr.",3,78,/bolig.aspx?aid=27639&s=2
"Østre Havnegade   24, 3. 19000 Aalborg",01-10-2017,PFA Logo,"8.117,08 kr.866,25 kr.",3,78,/bolig.aspx?aid=27629&s=2
"Østre Havnegade   24, 4. 69000 Aalborg",01-10-2017,PFA Logo,"9.487,50 kr.1.012,50 kr.",3,92,/bolig.aspx?aid=27615&s=2
"Østre Havnegade   24, 6. 19000 Aalborg",01-10-2017,PFA Logo,"8.277,50 kr.866,25 kr.",3,78,/bolig.aspx?aid=27601&s=2
"Østre Havnegade   24, 6. 79000 Aalborg",01-10-2017,PFA Logo,"8.707,50 kr.911,25 kr.",3,81,/bolig.aspx?aid=27595&s=2
"Skibsgade  4, st. TH.9500 Hobro",Ledig nu,Freja,"4.538,00 kr.750,00 kr.",2,66,/bolig.aspx?aid=27578&s=2
"Marie Curies Allé  8, 2. TV.9220 Aalborg Øst",01-11-2017,DaVinciLogo,"8.700,00 kr.805,00 kr.",3,86,/bolig.aspx?aid=27577&s=2
"Marie Curies Allé  75, st.9220 Aalborg Øst",15-10-2017,DaVinciLogo,"9.349,00 kr.805,00 kr.",4,112,/bolig.aspx?aid=27576&s=2
"Bygmestervej   1B, 3. th2400 København NV",01-10-2017,Pædagogernes Pensionskasse,"14.150,00 kr.1.100,00 kr.",3,106,/bolig.aspx?aid=27559&s=2
"Kirkeskov Allé  11, 2. 13050 Humlebæk",01-11-2017,PKA_Logo_2014,"9.963,27 kr.725,00 kr.",2,77,/bolig.aspx?aid=27476&s=2
"Carl Jacobsens Vej  19Y, 3. TV2500 Valby",01-10-2017,Lærernes Pension,"13.868,86 kr.1.100,00 kr.",4,109,/bolig.aspx?aid=27475&s=2
"Krimsvej  11F, 9. mf.2300 København S",01-10-2017,Lærernes Pension,"16.165,02 kr.1.200,00 kr.",3,105,/bolig.aspx?aid=27469&s=2
"Carl Jacobsens Vej  19T, 4. TH2500 Valby",01-10-2017,Lærernes Pension,"14.019,61 kr.1.150,00 kr.",4,117,/bolig.aspx?aid=27466&s=2
"Emiliedalsvej  99, 2. lejl. 48270 Højbjerg",01-10-2017,Lærernes Pension,"10.501,52 kr.400,00 kr.",3,100,/bolig.aspx?aid=27465&s=2
"Emiliedalsvej  3, 2. lejl. 18270 Højbjerg",01-10-2017,Lærernes Pension,"11.551,79 kr.783,00 kr.",4,110,/bolig.aspx?aid=27464&s=2
"Æblehaven 55, st.6000 Kolding",01-10-2017,TDCP,"12.214,00 kr.",4,112,/bolig.aspx?aid=27462&s=2
"Marmorvej  17A, 1. th.2100 København Ø",01-11-2017,Pensam,"15.510,00 kr.1.125,00 kr.",3,99,/bolig.aspx?aid=27458&s=2
"Marmorvej  15B, 1. tv.2100 København Ø",01-12-2017,Pensam,"19.720,00 kr.1.530,00 kr.",4,136,/bolig.aspx?aid=27457&s=2
"Peder Nilen Gade  1, st. lejl. 2263400 Hillerød",01-10-2017,DanicaLogo,"14.577,24 kr.900,00 kr.",3,123,/bolig.aspx?aid=27437&s=2
"Teglholmsgade  76, 5. th.2450 København SV",01-10-2017,Pensamlogo,"14.348,57 kr.865,00 kr.",3,94,/bolig.aspx?aid=27434&s=2
"Teglholmsgade  76, 4. th.2450 København SV",01-10-2017,Pensamlogo,"14.050,00 kr.1.020,00 kr.",3,94,/bolig.aspx?aid=27433&s=2
"Teglholmsgade  76, 4. mf.2450 København SV",01-10-2017,Pensamlogo,"13.820,79 kr.1.075,00 kr.",3,99,/bolig.aspx?aid=27432&s=2
"Amagerfælledvej  140, 4. TH2300 København S",01-10-2017,AP Pension,"15.552,92 kr.1.290,00 kr.",4,114,/bolig.aspx?aid=27426&s=2
"Amagerfælledvej  136, 5. TV2300 København S",01-10-2017,AP Pension,"15.294,42 kr.1.250,00 kr.",4,110,/bolig.aspx?aid=27425&s=2
"Bisiddervej   20, 5. th2400 København NV",01-10-2017,Pædagogernes Pensionskasse,"13.800,00 kr.1.100,00 kr.",3,92,/bolig.aspx?aid=27421&s=2
"Støberbakken  3, 2. tv.5700 Svendborg",01-10-2017,PenSam,"8.619,98 kr.710,00 kr.",5,101,/bolig.aspx?aid=27418&s=2
"Marie Curies Allé  195, st.9220 Aalborg Øst",01-11-2017,DaVinciLogo,"9.700,00 kr.805,00 kr.",3,102,/bolig.aspx?aid=27416&s=2
"Marie Curies Allé  108, 2. TH9220 Aalborg Øst",01-10-2017,DaVinciLogo,"9.350,00 kr.805,00 kr.",3,99,/bolig.aspx?aid=27415&s=2
"Helenavej  12, st.9210 Aalborg SØ",01-10-2017,DEAS,"11.350,00 kr.350,00 kr.",5,133,/bolig.aspx?aid=27412&s=2
"Marmorvej  15C, 1. th.2100 København Ø",Ledig nu,Pensam,"19.608,00 kr.1.475,00 kr.",4,130,/bolig.aspx?aid=27411&s=2
"Vestre Teglgade  2C, 5. TH2450 København SV",01-11-2017,PKA_Logo_2014,"15.103,43 kr.1.150,00 kr.",4,110,/bolig.aspx?aid=27406&s=2
"Margretheholmsvej  16, 4. tv1432 København K",01-11-2017,PKA_Logo_2014,"12.683,61 kr.960,00 kr.",4,92,/bolig.aspx?aid=27399&s=2
"Marie Curies Allé  4, 1. TV.9220 Aalborg Øst",01-11-2017,DaVinciLogo,"8.700,00 kr.805,00 kr.",3,98,/bolig.aspx?aid=27392&s=2
"Præstegaardsvej  34, st. TH9480 Løkken",01-11-2017,Jammerbugt,"3.340,00 kr.1.200,00 kr.",3,93,/bolig.aspx?aid=27390&s=2
Troldkærvej  89240 Nibe,01-10-2017,OS,"8.826,71 kr.",3,115,/bolig.aspx?aid=27389&s=2
"Marie Curies Allé  81, 1. lejl. 49220 Aalborg Øst",01-11-2017,DaVinciLogo,"8.400,00 kr.805,00 kr.",3,110,/bolig.aspx?aid=27388&s=2
"James Tobins Allé  20, 1. TV.9220 Aalborg Øst",01-10-2017,DaVinciLogo,"8.500,00 kr.805,00 kr.",3,95,/bolig.aspx?aid=27387&s=2
"Bisiddervej   22, 4. tv2400 København NV",01-10-2017,Pædagogernes Pensionskasse,"12.900,00 kr.1.100,00 kr.",3,91,/bolig.aspx?aid=27383&s=2
"Marie Curies Allé  129, 1. TV.9220 Aalborg Øst",Ledig nu,DaVinciLogo,"9.695,00 kr.805,00 kr.",4,105,/bolig.aspx?aid=27378&s=2
"Amalieparken 87, st. 32665 Vallensbæk Strand",01-11-2017,CEJ Ejendomsadministration,"12.450,00 kr.1.285,00 kr.",4,117,/bolig.aspx?aid=27375&s=2
"Poul Reichhardts Vej  10, 1. tv.2500 Valby",15-10-2017,PKA_Logo_2014,"14.107,29 kr.1.781,00 kr.",5,122,/bolig.aspx?aid=27363&s=2
"Olof Palmes Allé  27B, 2. mf.8200 Århus N",15-10-2017,PKA_Logo_2014,"10.064,26 kr.1.105,00 kr.",3,98,/bolig.aspx?aid=27360&s=2
"Søndervangs Allé  12B, 2. TV.8260 Viby J",01-11-2017,PKA_Logo_2014,"10.755,81 kr.500,00 kr.",4,93,/bolig.aspx?aid=27359&s=2
"Brydes Alle  17, 1. tv.5610 Assens",15-10-2017,PKA_Logo_2014,"8.014,52 kr.875,00 kr.",4,90,/bolig.aspx?aid=27355&s=2
"Sct. Jørgens Gade 3, 3. -3016000 Kolding",Ledig nu,TDCP,"7.553,00 kr.870,00 kr.",2,77,/bolig.aspx?aid=27349&s=2
"Støberbakken  1, 2. tv.5700 Svendborg",Ledig nu,PenSam,"9.252,80 kr.875,00 kr.",5,104,/bolig.aspx?aid=27343&s=2
"Sandbakken  20, st.8270 Højbjerg",01-10-2017,PKA_Logo_2014,"9.437,32 kr.",3,101,/bolig.aspx?aid=27342&s=2
"Kalkskrænten  40, 1. tv9000 Aalborg",01-11-2017,DEAS,"8.900,00 kr.600,00 kr.",4,97,/bolig.aspx?aid=27315&s=2
"Carl Jacobsens Vej  19N, 5. TV2500 Valby",01-10-2017,Lærernes Pension,"15.476,85 kr.1.200,00 kr.",4,119,/bolig.aspx?aid=27314&s=2
"Carl Jacobsens Vej  19U, 4. TH2500 Valby",01-10-2017,Lærernes Pension,"15.954,22 kr.1.200,00 kr.",4,127,/bolig.aspx?aid=27313&s=2
"Vesterbro  21F, 1. 39000 Aalborg",01-10-2017,PKA_Logo_2014,"9.839,01 kr.860,00 kr.",3,91,/bolig.aspx?aid=27301&s=2
"Margretheholmsvej  16, 6. tv1432 København K",01-10-2017,PKA_Logo_2014,"13.698,30 kr.960,00 kr.",4,92,/bolig.aspx?aid=27297&s=2
"Sct. Jørgens Gade 3, 2. 16000 Kolding",Ledig nu,TDCP,"7.553,00 kr.980,00 kr.",2,77,/bolig.aspx?aid=27270&s=2
"Sct. Jørgens Gade 3, 3. -3026000 Kolding",Ledig nu,TDCP,"7.074,00 kr.965,00 kr.",2,72,/bolig.aspx?aid=27269&s=2
Emiliedalen  2118270 Højbjerg,01-10-2017,Lærernes Pension,"13.721,98 kr.",5,135,/bolig.aspx?aid=27254&s=2
"Amagerfælledvej  118, 5. TH2300 København S",01-10-2017,AP Pension,"14.549,17 kr.1.170,00 kr.",4,103,/bolig.aspx?aid=27252&s=2
"Artillerivej  154, 4. tv2300 København S",01-12-2017,PKA_Logo_2014,"12.577,08 kr.970,00 kr.",3,91,/bolig.aspx?aid=27249&s=2
"Nydamsparken  7 , 1. th.5800 Nyborg",01-10-2017,PKA_Logo_2014,"6.659,90 kr.780,00 kr.",4,94,/bolig.aspx?aid=27245&s=2
"Falen  61D, 1.5000 Odense C",Ledig nu,PKA_Logo_2014,"9.450,97 kr.1.010,00 kr.",4,116,/bolig.aspx?aid=27237&s=2
"Nyhavnsgade 6, st. tv9000 Aalborg",Ledig nu,AdvokaterLoegstrup,"12.300,00 kr.650,00 kr.",3,123,/bolig.aspx?aid=27227&s=2
"Nyhavnsgade 6, 1. th9000 Aalborg",Ledig nu,AdvokaterLoegstrup,"10.600,00 kr.500,00 kr.",3,106,/bolig.aspx?aid=27226&s=2
"Nyhavnsgade  6, 1. tv9000 Aalborg",Ledig nu,AdvokaterLoegstrup,"9.700,00 kr.500,00 kr.",3,97,/bolig.aspx?aid=27225&s=2
"Amagerfælledvej  142, 2. TH2300 København S",01-10-2017,AP Pension,"14.104,00 kr.1.110,00 kr.",4,98,/bolig.aspx?aid=27216&s=2
"Amagerfælledvej  124, 3. TV2300 København S",01-10-2017,AP Pension,"15.158,00 kr.1.290,00 kr.",4,114,/bolig.aspx?aid=27215&s=2
"Emiliedalsvej  3, 1. lejl. 78270 Højbjerg",01-10-2017,Lærernes Pension,"10.292,52 kr.705,00 kr.",4,100,/bolig.aspx?aid=27214&s=2
"Falkoner Alle  2 , 1.  2000 Frederiksberg",01-10-2017,PKA_Logo_2014,"21.277,98 kr.1.575,00 kr.",4,170,/bolig.aspx?aid=27184&s=2
"Margrethevænget 6, 5. 12665 Vallensbæk Strand",01-10-2017,CEJ Ejendomsadministration,"13.600,00 kr.1.340,00 kr.",4,117,/bolig.aspx?aid=27183&s=2
"Carl Jacobsens Vej  19Y, 5. TV2500 Valby",01-10-2017,Lærernes Pension,"14.270,86 kr.1.125,00 kr.",4,114,/bolig.aspx?aid=27157&s=2
"Gyvelholm  6 , st.  2830 Virum",01-10-2017,Deas Logo,"17.150,70 kr.",4,121,/bolig.aspx?aid=27153&s=2
"Ågades Passage  16 , 2. tv.9000 Aalborg",01-10-2017,Sampension,"7.583,83 kr.230,00 kr.",3,79,/bolig.aspx?aid=27150&s=2
"J.P. Larsens Vej  124, 1. 38220 Brabrand",01-10-2017,PenSam,"10.220,62 kr.349,00 kr.",3,102,/bolig.aspx?aid=27149&s=2
"Emiliedalsvej  3, st. lejl. 28270 Højbjerg",01-10-2017,Lærernes Pension,"9.021,70 kr.400,00 kr.",3,75,/bolig.aspx?aid=27142&s=2
"Krimsvej  11H, st. th.2300 København S",01-10-2017,Lærernes Pension,"14.228,50 kr.900,00 kr.",3,101,/bolig.aspx?aid=27138&s=2
"Artillerivej  106, 5. th.2300 København S",01-10-2017,Lærernes Pension,"17.978,00 kr.1.690,00 kr.",4,127,/bolig.aspx?aid=27129&s=2
"Mikkelborg Park   14, st. tv.2970 Hørsholm",01-10-2017,Deas logo,"15.588,65 kr.875,00 kr.",5,129,/bolig.aspx?aid=27122&s=2
"Poul Hartlings Gade  8, st. th2300 København S",01-10-2017,Sampension,"16.150,00 kr.941,67 kr.",4,114,/bolig.aspx?aid=27117&s=2
"Ben Websters Vej 50, st.2450 København SV",01-11-2017,CEJ Ejendomsadministration,"14.500,00 kr.1.000,00 kr.",3,98,/bolig.aspx?aid=27114&s=2
"Ben Websters Vej 62, 5. tv2450 København SV",01-10-2017,CEJ Ejendomsadministration,"14.500,00 kr.1.000,00 kr.",3,92,/bolig.aspx?aid=27113&s=2
"Ben Websters Vej  86, st.2450 København SV",01-10-2017,CEJ Ejendomsadministration,"14.500,00 kr.1.000,00 kr.",3,97,/bolig.aspx?aid=27111&s=2
"Carl Jacobsens Vej  14T, 1. TH2500 Valby",01-12-2017,AP Pension,"13.664,83 kr.1.047,92 kr.",4,101,/bolig.aspx?aid=27107&s=2
"Teglholmsgade  78, 5. tv.2450 København SV",01-10-2017,Pensamlogo,"15.700,00 kr.985,00 kr.",3,91,/bolig.aspx?aid=27085&s=2
"Artillerivej  160, 2. 22300 København S",01-10-2017,PKA_Logo_2014,"15.426,60 kr.1.380,00 kr.",4,127,/bolig.aspx?aid=27080&s=2
"Göteborg Plads  15, 3. tv.2150 Nordhavn",01-10-2017,Pensamlogo,"15.958,33 kr.1.175,00 kr.",3,105,/bolig.aspx?aid=27071&s=2
"J.P. Larsens Vej  124, 2. 38220 Brabrand",Ledig nu,PenSam,"10.229,44 kr.390,00 kr.",3,102,/bolig.aspx?aid=27061&s=2
"Ågades Passage  6B, 3.  9000 Aalborg",01-10-2017,Sampension,"8.641,15 kr.300,00 kr.",3,90,/bolig.aspx?aid=27055&s=2
"Göteborg Plads  15, 4. tv.2150 Nordhavn",01-10-2017,Pensamlogo,"16.425,00 kr.1.175,00 kr.",3,105,/bolig.aspx?aid=27033&s=2
"H.C. Andersens Boulevard  41, 2. th1553 København V",Ledig nu,AdvokaterLoegstrup,"14.000,00 kr.2.000,00 kr.",2,125,/bolig.aspx?aid=26960&s=2
"Strandengen 31, st.7120 Vejle Øst",Ledig nu,TDCP,"9.511,00 kr.550,00 kr.",4,98,/bolig.aspx?aid=26958&s=2
"Marie Curies Allé  120, 1. TH.9220 Aalborg Øst",Ledig nu,DaVinciLogo,"9.350,00 kr.805,00 kr.",3,101,/bolig.aspx?aid=26950&s=2
"Marie Curies Allé  35, 1. lejl. 49220 Aalborg Øst",Ledig nu,DaVinciLogo,"8.400,00 kr.805,00 kr.",3,108,/bolig.aspx?aid=26946&s=2
"Artillerivej  160, 13. 42300 København S",01-10-2017,PKA_Logo_2014,"18.391,32 kr.1.400,00 kr.",3,129,/bolig.aspx?aid=26937&s=2
"Artillerivej  160, 13. 32300 København S",01-10-2017,PKA_Logo_2014,"17.989,32 kr.1.455,00 kr.",4,134,/bolig.aspx?aid=26935&s=2
"Søndervangs Allé  12B, 2. TH.8260 Viby J",Ledig nu,PKA_Logo_2014,"9.833,02 kr.500,00 kr.",4,93,/bolig.aspx?aid=26914&s=2
"Enghavevej  34, 1. th8260 Viby J",Ledig nu,PKA_Logo_2014,"13.177,08 kr.431,25 kr.",4,115,/bolig.aspx?aid=26911&s=2
"Engtoften  70, 1. tv8260 Viby J",Ledig nu,PKA_Logo_2014,"9.955,83 kr.288,75 kr.",2,77,/bolig.aspx?aid=26910&s=2
"Søndervangs Alle  18D, 3.8260 Viby J",01-10-2017,PKA_Logo_2014,"12.734,35 kr.875,00 kr.",4,140,/bolig.aspx?aid=26900&s=2
"Krimsvej  23, 10. th.2300 København S",01-10-2017,Lærernes Pension,"15.169,71 kr.1.100,00 kr.",3,101,/bolig.aspx?aid=26875&s=2
"Ben Websters Vej 70, 2. 142450 København SV",01-10-2017,CEJ Ejendomsadministration,"15.500,00 kr.1.000,00 kr.",4,106,/bolig.aspx?aid=26869&s=2
"Søborg Hovedgade  123, 1. TV2860 Søborg",01-10-2017,PKA_Logo_2014,"14.803,76 kr.966,67 kr.",3,111,/bolig.aspx?aid=26848&s=2
"Carl Jacobsens Vej  17N, 5.2500 Valby",01-10-2017,PKA_Logo_2014,"14.680,49 kr.1.450,00 kr.",3,132,/bolig.aspx?aid=26844&s=2
"Amagerfælledvej  124, 1. TH2300 København S",01-10-2017,AP Pension,"15.124,33 kr.1.310,00 kr.",4,116,/bolig.aspx?aid=26838&s=2
"Ågades Passage  1A, 3.  9000 Aalborg",01-10-2017,Sampension,"6.624,67 kr.330,00 kr.",2,69,/bolig.aspx?aid=26802&s=2
"Ringkøbingvej 3, 5. 18000 Århus C",Ledig nu,TDCP,"9.542,00 kr.460,00 kr.",2,77,/bolig.aspx?aid=26801&s=2
"Ågades Passage  18 , 1. tv.9000 Aalborg",01-10-2017,Sampension,"6.349,28 kr.310,00 kr.",2,66,/bolig.aspx?aid=26799&s=2
"Amagerfælledvej  116, 2. TV2300 København S",01-10-2017,AP Pension,"15.642,00 kr.1.350,00 kr.",4,119,/bolig.aspx?aid=26792&s=2
"Amagerfælledvej  140, 2. TH2300 København S",01-10-2017,AP Pension,"15.335,25 kr.1.290,00 kr.",4,114,/bolig.aspx?aid=26784&s=2
"Emiliedalsvej  3, st. lejl. 18270 Højbjerg",01-10-2017,Lærernes Pension,"11.551,79 kr.450,00 kr.",4,97,/bolig.aspx?aid=26772&s=2
"Emiliedalsvej  3, 2. lejl. 68270 Højbjerg",01-10-2017,Lærernes Pension,"10.019,46 kr.690,00 kr.",3,98,/bolig.aspx?aid=26769&s=2
"Axel Heides Gade  12, 5. th2300 København S",01-10-2017,Sampension,"14.440,37 kr.1.010,00 kr.",3,90,/bolig.aspx?aid=26768&s=2
"Silkeborgvej 28, 3. 58000 Århus C",Ledig nu,TDCP,"9.992,00 kr.505,00 kr.",2,86,/bolig.aspx?aid=26761&s=2
"Vindrosen  12, st. 5.8240 Risskov",01-11-2017,AP Pension,"12.495,00 kr.705,83 kr.",4,121,/bolig.aspx?aid=26755&s=2
"Vindrosen  12, 1. 5.8240 Risskov",20-10-2017,AP Pension,"12.850,00 kr.705,83 kr.",4,121,/bolig.aspx?aid=26750&s=2
"Vindrosen  12, 2. tv.8240 Risskov",20-10-2017,AP Pension,"14.000,00 kr.612,50 kr.",3,105,/bolig.aspx?aid=26748&s=2
"Vindrosen  14, st. 1.8240 Risskov",20-10-2017,AP Pension,"12.995,00 kr.775,83 kr.",4,133,/bolig.aspx?aid=26747&s=2
"Vindrosen  14, st. 5.8240 Risskov",01-11-2017,AP Pension,"12.800,00 kr.705,83 kr.",4,121,/bolig.aspx?aid=26743&s=2
"Vindrosen  12, st. 2.8240 Risskov",20-10-2017,AP Pension,,3,93,/bolig.aspx?aid=26735&s=2
"Vindrosen  12, st. 1.8240 Risskov",20-10-2017,AP Pension,"13.854,00 kr.775,83 kr.",4,133,/bolig.aspx?aid=26734&s=2
"Broloftet  42, 2. th.8240 Risskov",Ledig nu,AP Pension,"10.290,00 kr.542,50 kr.",3,93,/bolig.aspx?aid=26713&s=2
"Broloftet  42, 1. th.8240 Risskov",Ledig nu,AP Pension,"10.100,00 kr.542,50 kr.",3,93,/bolig.aspx?aid=26711&s=2
"Broloftet  42, st. th.8240 Risskov",Ledig nu,AP Pension,"9.850,00 kr.478,33 kr.",3,82,/bolig.aspx?aid=26709&s=2
"Broloftet  40, 4. tv.8240 Risskov",Ledig nu,AP Pension,"11.400,00 kr.536,67 kr.",3,92,/bolig.aspx?aid=26708&s=2
"Broloftet  40, 1. tv.8240 Risskov",Ledig nu,AP Pension,"10.100,00 kr.536,67 kr.",3,92,/bolig.aspx?aid=26702&s=2
"Broloftet  40, st. th8240 Risskov",Ledig nu,AP Pension,"8.700,00 kr.425,83 kr.",2,73,/bolig.aspx?aid=26699&s=2
"Broloftet  38, 2. tv.8240 Risskov",Ledig nu,AP Pension,"10.490,00 kr.536,67 kr.",3,92,/bolig.aspx?aid=26694&s=2
"Broloftet  38, 1. tv.8240 Risskov",Ledig nu,AP Pension,"10.100,00 kr.536,67 kr.",3,92,/bolig.aspx?aid=26692&s=2
"Broloftet  38, 1. th.8240 Risskov",Ledig nu,AP Pension,"10.100,00 kr.542,50 kr.",3,93,/bolig.aspx?aid=26691&s=2
"Broloftet  38, st. th.8240 Risskov",Ledig nu,AP Pension,"9.850,00 kr.484,17 kr.",3,83,/bolig.aspx?aid=26688&s=2
"Broloftet  36, 4. th.8240 Risskov",Ledig nu,AP Pension,"11.400,00 kr.542,50 kr.",3,93,/bolig.aspx?aid=26686&s=2
"Broloftet  36, 3. tv.8240 Risskov",Ledig nu,AP Pension,"10.800,00 kr.542,50 kr.",3,93,/bolig.aspx?aid=26685&s=2
"Broloftet  36, 3. th.8240 Risskov",Ledig nu,AP Pension,"10.800,00 kr.542,50 kr.",3,93,/bolig.aspx?aid=26684&s=2
"Broloftet  36, 2. tv.8240 Risskov",Ledig nu,AP Pension,"10.490,00 kr.542,50 kr.",3,93,/bolig.aspx?aid=26683&s=2
"Broloftet  36, 2. th.8240 Risskov",Ledig nu,AP Pension,"10.490,00 kr.542,50 kr.",3,93,/bolig.aspx?aid=26682&s=2
"Broloftet  36, 1. tv.8240 Risskov",Ledig nu,AP Pension,"10.100,00 kr.542,50 kr.",3,93,/bolig.aspx?aid=26681&s=2
"Broloftet  36, st. th.8240 Risskov",Ledig nu,AP Pension,"9.850,00 kr.478,33 kr.",3,82,/bolig.aspx?aid=26678&s=2
"Broloftet  34, 2. tv.8240 Risskov",Ledig nu,AP Pension,"10.490,00 kr.536,67 kr.",3,92,/bolig.aspx?aid=26673&s=2
"Broloftet  34, 1. tv.8240 Risskov",Ledig nu,AP Pension,"10.100,00 kr.536,67 kr.",3,92,/bolig.aspx?aid=26671&s=2
"Broloftet  34, 1. th.8240 Risskov",Ledig nu,AP Pension,"10.100,00 kr.542,50 kr.",3,93,/bolig.aspx?aid=26670&s=2
"Broloftet  34, st. th.8240 Risskov",Ledig nu,AP Pension,"9.850,00 kr.484,17 kr.",3,83,/bolig.aspx?aid=26668&s=2
"Broloftet  32, 3. th.8240 Risskov",Ledig nu,AP Pension,"10.800,00 kr.542,50 kr.",3,93,/bolig.aspx?aid=26664&s=2
"Broloftet  32, 1. tv.8240 Risskov",Ledig nu,AP Pension,"10.100,00 kr.542,50 kr.",3,93,/bolig.aspx?aid=26661&s=2
"Broloftet  32, 1. th.8240 Risskov",Ledig nu,AP Pension,"10.100,00 kr.542,50 kr.",3,93,/bolig.aspx?aid=26660&s=2
"Broloftet  32, st. th.8240 Risskov",Ledig nu,AP Pension,"9.850,00 kr.478,33 kr.",3,82,/bolig.aspx?aid=26658&s=2
"Broloftet  28, st. th.8240 Risskov",Ledig nu,AP Pension,"9.850,00 kr.478,33 kr.",3,82,/bolig.aspx?aid=26638&s=2
"Broloftet  22, 3.8240 Risskov",20-10-2017,AP Pension,"12.800,00 kr.612,50 kr.",4,105,/bolig.aspx?aid=26619&s=2
"Broloftet  22, 2.8240 Risskov",20-10-2017,AP Pension,"12.400,00 kr.612,50 kr.",4,105,/bolig.aspx?aid=26617&s=2
"Broloftet  22, 1. tv.8240 Risskov",20-10-2017,AP Pension,"12.100,00 kr.600,83 kr.",4,99,/bolig.aspx?aid=26616&s=2
"Broloftet  16, 3.8240 Risskov",20-10-2017,AP Pension,"12.500,00 kr.612,50 kr.",4,105,/bolig.aspx?aid=26604&s=2
"Broloftet  16, 2.8240 Risskov",20-10-2017,AP Pension,"12.200,00 kr.612,50 kr.",4,105,/bolig.aspx?aid=26603&s=2
"Broloftet  16, 1. tv.8240 Risskov",20-10-2017,AP Pension,"13.500,00 kr.688,33 kr.",5,118,/bolig.aspx?aid=26602&s=2
"Kløverbladsgade  75, 3. TV2500 Valby",01-12-2017,AP Pension,"12.980,92 kr.1.122,92 kr.",3,108,/bolig.aspx?aid=26587&s=2
"Kløverbladsgade  75, 2. TV2500 Valby",01-12-2017,AP Pension,"12.968,88 kr.1.121,88 kr.",3,108,/bolig.aspx?aid=26585&s=2
"Kløverbladsgade  75, 2. TH2500 Valby",01-12-2017,AP Pension,"12.993,17 kr.1.079,17 kr.",3,104,/bolig.aspx?aid=26584&s=2
"Kløverbladsgade  75, 1. TV2500 Valby",01-12-2017,AP Pension,"12.968,88 kr.1.121,88 kr.",3,108,/bolig.aspx?aid=26583&s=2
"Kløverbladsgade  73, st. TH2500 Valby",01-12-2017,AP Pension,"13.119,75 kr.1.115,62 kr.",3,107,/bolig.aspx?aid=26580&s=2
"Kløverbladsgade  73, 1. TV2500 Valby",01-12-2017,AP Pension,"13.792,50 kr.1.277,08 kr.",3,123,/bolig.aspx?aid=26570&s=2
"Kløverbladsgade  73, 1. MF2500 Valby",01-12-2017,AP Pension,"13.286,25 kr.1.230,21 kr.",3,118,/bolig.aspx?aid=26568&s=2
"Kløverbladsgade  71, 4. TV2500 Valby",01-12-2017,AP Pension,"13.364,12 kr.1.009,38 kr.",4,97,/bolig.aspx?aid=26566&s=2
"Kløverbladsgade  71, 2. TV2500 Valby",01-12-2017,AP Pension,"13.027,58 kr.1.011,45 kr.",4,97,/bolig.aspx?aid=26562&s=2
"Kløverbladsgade  63, st.2500 Valby",01-12-2017,AP Pension,"15.675,00 kr.1.375,00 kr.",4,132,/bolig.aspx?aid=26537&s=2
"Kløverbladsgade  55, st.2500 Valby",01-12-2017,AP Pension,"14.897,50 kr.1.262,50 kr.",4,121,/bolig.aspx?aid=26533&s=2
"Carl Jacobsens Vej  14T, 4. TH2500 Valby",01-12-2017,AP Pension,"15.865,42 kr.1.367,71 kr.",4,131,/bolig.aspx?aid=26528&s=2
"Carl Jacobsens Vej  14T, 2. TH2500 Valby",01-12-2017,AP Pension,"13.678,42 kr.1.048,95 kr.",4,101,/bolig.aspx?aid=26524&s=2
"Carl Jacobsens Vej  14S, 4. TH2500 Valby",01-12-2017,AP Pension,"14.425,50 kr.1.018,75 kr.",4,98,/bolig.aspx?aid=26521&s=2
"Carl Jacobsens Vej  14S, 3. TH2500 Valby",01-12-2017,AP Pension,"13.609,38 kr.1.015,62 kr.",4,98,/bolig.aspx?aid=26518&s=2
"Carl Jacobsens Vej  14G, st.2500 Valby",01-12-2017,AP Pension,"14.657,50 kr.1.281,25 kr.",4,123,/bolig.aspx?aid=26499&s=2
"Olof Palmes Allé  27A, 4. mf.8200 Århus N",01-10-2017,PKA_Logo_2014,"11.022,67 kr.1.235,00 kr.",3,98,/bolig.aspx?aid=26443&s=2
"J.P. Larsens Vej  124, st. 18220 Brabrand",Ledig nu,PenSam,"10.234,65 kr.565,00 kr.",3,103,/bolig.aspx?aid=26421&s=2
"Vesterbro  21F, st. 39000 Aalborg",01-10-2017,PKA_Logo_2014,"9.808,33 kr.1.088,23 kr.",3,94,/bolig.aspx?aid=26414&s=2
"Mønsgade  16B, 4. tv.8000 Århus C",01-10-2017,PKA_Logo_2014,"11.980,00 kr.700,00 kr.",4,90,/bolig.aspx?aid=26400&s=2
"Abildhaven  54, st.8520 Lystrup",01-10-2017,Pædagogernes Pensionskasse,"10.640,50 kr.",4,110,/bolig.aspx?aid=26368&s=2
"Ben Websters Vej  38, st. th2450 København SV",01-10-2017,CEJ Ejendomsadministration,"17.450,00 kr.1.000,00 kr.",4,120,/bolig.aspx?aid=26365&s=2
"Frederikskaj  2C, 4. tv2450 København SV",Ledig nu,PFA Logo,"15.633,00 kr.1.249,00 kr.",4,111,/bolig.aspx?aid=26361&s=2
"Frederikskaj  2C, 3. tv2450 København SV",Ledig nu,PFA Logo,"15.587,00 kr.1.260,00 kr.",4,112,/bolig.aspx?aid=26359&s=2
"Frederikskaj  2C, 2. tv2450 København SV",Ledig nu,PFA Logo,"15.355,00 kr.1.249,00 kr.",4,111,/bolig.aspx?aid=26357&s=2
"Frederikskaj  2C, 1. tv2450 København SV",Ledig nu,PFA Logo,"15.307,00 kr.1.260,00 kr.",4,112,/bolig.aspx?aid=26355&s=2
"Frederikskaj  2A, 4. tv2450 København SV",Ledig nu,PFA Logo,"15.832,00 kr.1.328,00 kr.",4,118,/bolig.aspx?aid=26346&s=2
"Frederikskaj  2A, 3. tv2450 København SV",Ledig nu,PFA Logo,"15.600,00 kr.1.317,00 kr.",4,117,/bolig.aspx?aid=26344&s=2
"Frederikskaj  2A, 2. tv2450 København SV",Ledig nu,PFA Logo,"15.503,00 kr.1.317,00 kr.",4,117,/bolig.aspx?aid=26342&s=2
"Frederikskaj  2A, 1. tv2450 København SV",Ledig nu,PFA Logo,"15.537,00 kr.1.328,00 kr.",4,118,/bolig.aspx?aid=26340&s=2
"Frederikskaj  2N, 3. tv2450 København SV",Ledig nu,PFA Logo,"15.583,00 kr.1.238,00 kr.",4,110,/bolig.aspx?aid=25341&s=2
"Frederikskaj  2N, 2. tv2450 København SV",Ledig nu,PFA Logo,"15.263,00 kr.1.249,00 kr.",4,111,/bolig.aspx?aid=25339&s=2
"Frederikskaj  2N, 1. tv2450 København SV",Ledig nu,PFA Logo,"15.033,00 kr.1.238,00 kr.",4,110,/bolig.aspx?aid=25337&s=2
"Frederikskaj  2M, st. th2450 København SV",Ledig nu,PFA Logo,"13.968,00 kr.1.249,00 kr.",3,111,/bolig.aspx?aid=25334&s=2
"Frederikskaj  2m, 5. th2450 København SV",Ledig nu,PFA Logo,"14.653,00 kr.1.260,00 kr.",3,112,/bolig.aspx?aid=25332&s=2
"Frederikskaj  2M, 3. th2450 København SV",Ledig nu,PFA Logo,"14.245,00 kr.1.249,00 kr.",3,111,/bolig.aspx?aid=25328&s=2
"Frederikskaj  2M, 2. th2450 København SV",Ledig nu,PFA Logo,"14.280,00 kr.1.260,00 kr.",3,112,/bolig.aspx?aid=25326&s=2
"Frederikskaj  2G, 4. tv2450 København SV",Ledig nu,PFA Logo,"15.896,00 kr.1.227,00 kr.",4,109,/bolig.aspx?aid=25321&s=2
"Frederikskaj  2G, 3. tv2450 København SV",Ledig nu,PFA Logo,"15.583,00 kr.1.238,00 kr.",4,110,/bolig.aspx?aid=25319&s=2
"Frederikskaj  2G, 1. tv2450 København SV",Ledig nu,PFA Logo,"14.988,00 kr.1.227,00 kr.",4,109,/bolig.aspx?aid=25315&s=2
"Frederikskaj  2F, st. th2450 København SV",Ledig nu,PFA Logo,"13.690,00 kr.1.249,00 kr.",3,111,/bolig.aspx?aid=25312&s=2
"Frederikskaj  2F, 2. th2450 København SV",Ledig nu,PFA Logo,"14.000,00 kr.1.260,00 kr.",3,112,/bolig.aspx?aid=25310&s=2
"Frederikskaj  2F, 1. th2450 København SV",Ledig nu,PFA Logo,"13.783,00 kr.1.249,00 kr.",3,111,/bolig.aspx?aid=25308&s=2
"Marie Curies Allé  80, 1. lejl. 69220 Aalborg Øst",Ledig nu,DaVinciLogo,"8.400,00 kr.805,00 kr.",3,105,/bolig.aspx?aid=25304&s=2
"Ben Websters Vej 38, 3. mf2450 København SV",01-10-2017,CEJ Ejendomsadministration,"15.000,00 kr.1.000,00 kr.",3,93,/bolig.aspx?aid=25246&s=2
"Teglholmsgade  76, 3. tv2450 København SV",01-10-2017,Pensamlogo,"13.820,79 kr.930,00 kr.",3,99,/bolig.aspx?aid=25245&s=2
"Teglholm Tværvej 8, 3. th2450 København SV",Ledig nu,TDCP,"14.225,00 kr.1.140,00 kr.",4,101,/bolig.aspx?aid=25218&s=2
"Teglholm Tværvej 8, 1. th2450 København SV",Ledig nu,TDCP,"14.056,00 kr.1.140,00 kr.",4,101,/bolig.aspx?aid=25210&s=2
"Teglholm Tværvej 6, 4. th2450 København SV",Ledig nu,TDCP,"14.309,00 kr.1.140,00 kr.",4,101,/bolig.aspx?aid=25201&s=2
"Teglholm Tværvej 12, 4. th2450 København SV",Ledig nu,TDCP,"14.309,00 kr.1.140,00 kr.",4,101,/bolig.aspx?aid=25188&s=2
"Teglholm Tværvej 12, 3. th2450 København SV",Ledig nu,TDCP,"14.225,00 kr.1.140,00 kr.",4,101,/bolig.aspx?aid=25186&s=2
"Teglholm Tværvej 10, 4. th2450 København SV",Ledig nu,TDCP,"14.309,00 kr.1.140,00 kr.",4,101,/bolig.aspx?aid=25177&s=2
"Bordeauxgade  6, 2. tv.2150 Nordhavn",01-10-2017,Pensamlogo,"14.408,00 kr.1.000,00 kr.",3,91,/bolig.aspx?aid=25008&s=2
"Engtoften  88, 2. th8260 Viby J",Ledig nu,PKA_Logo_2014,"12.003,00 kr.311,25 kr.",3,82,/bolig.aspx?aid=24975&s=2
"Engtoften  90, 1. Dør 38260 Viby J",Ledig nu,PKA_Logo_2014,"13.973,00 kr.483,75 kr.",4,128,/bolig.aspx?aid=24972&s=2
"Engtoften  88, 1. Dør 38260 Viby J",Ledig nu,PKA_Logo_2014,"13.973,00 kr.483,75 kr.",4,128,/bolig.aspx?aid=24968&s=2
"Engtoften  90, st. Dør 28260 Viby J",Ledig nu,PKA_Logo_2014,"13.867,00 kr.483,75 kr.",4,128,/bolig.aspx?aid=24964&s=2
"Engtoften  88, st. Dør 28260 Viby J",Ledig nu,PKA_Logo_2014,"13.867,00 kr.483,75 kr.",4,128,/bolig.aspx?aid=24961&s=2
"Engtoften  94, 2. th8260 Viby J",Ledig nu,PKA_Logo_2014,"12.003,00 kr.311,25 kr.",3,82,/bolig.aspx?aid=24957&s=2
"Engtoften  92, st. Dør 28260 Viby J",Ledig nu,PKA_Logo_2014,"13.867,00 kr.483,75 kr.",4,128,/bolig.aspx?aid=24946&s=2
"Engtoften  92, st. Dør 18260 Viby J",Ledig nu,PKA_Logo_2014,"8.961,00 kr.288,75 kr.",2,76,/bolig.aspx?aid=24945&s=2
"Engtoften  54, 1. tv8260 Viby J",Ledig nu,PKA_Logo_2014,"12.498,00 kr.1.156,25 kr.",4,111,/bolig.aspx?aid=24933&s=2
"Engtoften  54, 1. th8260 Viby J",Ledig nu,PKA_Logo_2014,"12.498,00 kr.1.156,25 kr.",4,111,/bolig.aspx?aid=24932&s=2
"Engtoften  56, 1. tv8260 Viby J",Ledig nu,PKA_Logo_2014,"12.498,00 kr.1.156,25 kr.",4,111,/bolig.aspx?aid=24931&s=2
"Engtoften  52, st. tv8260 Viby J",Ledig nu,PKA_Logo_2014,"11.493,00 kr.1.083,33 kr.",3,104,/bolig.aspx?aid=24928&s=2
"Engtoften  54, st. tv8260 Viby J",Ledig nu,PKA_Logo_2014,"11.935,00 kr.1.125,00 kr.",4,108,/bolig.aspx?aid=24926&s=2
"Engtoften  56, st. tv8260 Viby J",Ledig nu,PKA_Logo_2014,"12.377,00 kr.1.166,67 kr.",4,112,/bolig.aspx?aid=24924&s=2
"Teglholmsgade  60, 3. th.2450 København SV",01-10-2017,Pensamlogo,"14.273,18 kr.985,00 kr.",3,91,/bolig.aspx?aid=24914&s=2
"Teglholmsgade  60, 2. tv.2450 København SV",01-10-2017,Pensamlogo,"13.871,06 kr.1.040,00 kr.",3,96,/bolig.aspx?aid=24913&s=2
"Søndervangs Allé  12C, 3. TV.8260 Viby J",01-10-2017,PKA_Logo_2014,"14.002,17 kr.825,00 kr.",4,140,/bolig.aspx?aid=24865&s=2
"Emiliedalsvej  3, st. lejl. 68270 Højbjerg",01-10-2017,Lærernes Pension,"9.809,39 kr.599,00 kr.",3,85,/bolig.aspx?aid=24851&s=2
"H.C. Andersens Boulevard 41, 3. th1553 København V",Ledig nu,AdvokaterLoegstrup,"14.000,00 kr.2.000,00 kr.",2,125,/bolig.aspx?aid=24827&s=2
"Ben Websters Vej  68, 4. tv2450 København SV",01-10-2017,CEJ Ejendomsadministration,"15.000,00 kr.1.000,00 kr.",3,93,/bolig.aspx?aid=24732&s=2
"Ågades Passage  8A, 1.  9000 Aalborg",01-10-2017,Sampension,"8.928,77 kr.300,00 kr.",3,93,/bolig.aspx?aid=24722&s=2
"Marie Curies Allé  80, 1. lejl. 29220 Aalborg Øst",Ledig nu,DaVinciLogo,"8.400,00 kr.805,00 kr.",3,101,/bolig.aspx?aid=24709&s=2
"Marmorvej  43, st. th.2100 København Ø",01-10-2017,Pensam,"20.679,26 kr.1.440,00 kr.",4,130,/bolig.aspx?aid=24689&s=2
"Søndervangs Allé  16B, 3. TV.8260 Viby J",01-10-2017,PKA_Logo_2014,"10.806,07 kr.725,00 kr.",4,110,/bolig.aspx?aid=24685&s=2
"Marie Curies Allé  129, 1. TH9220 Aalborg Øst",Ledig nu,DaVinciLogo,"9.350,00 kr.805,00 kr.",3,99,/bolig.aspx?aid=24659&s=2
"Marie Curies Allé  101, st.9220 Aalborg Øst",Ledig nu,DaVinciLogo,"8.800,00 kr.805,00 kr.",3,98,/bolig.aspx?aid=24600&s=2
"Marie Curies Allé  97, st.9220 Aalborg Øst",Ledig nu,DaVinciLogo,"8.400,00 kr.805,00 kr.",3,102,/bolig.aspx?aid=24599&s=2
"Marie Curies Allé  26, 1. lejl. 89220 Aalborg Øst",Ledig nu,DaVinciLogo,"8.400,00 kr.805,00 kr.",3,106,/bolig.aspx?aid=24597&s=2
"Filosofhaven  26 , 3.5000 Odense C",01-10-2017,Sampension,"10.028,41 kr.375,00 kr.",4,99,/bolig.aspx?aid=24592&s=2
"Marie Curies Allé  48, st.9220 Aalborg Øst",Ledig nu,DaVinciLogo,"8.400,00 kr.805,00 kr.",3,95,/bolig.aspx?aid=24576&s=2
"Artillerivej  156, 5. th2300 København S",01-10-2017,PKA_Logo_2014,"16.017,96 kr.1.285,00 kr.",4,123,/bolig.aspx?aid=24567&s=2
"Engtoften  64, st. tv8260 Viby J",Ledig nu,PKA_Logo_2014,"11.927,00 kr.390,00 kr.",4,104,/bolig.aspx?aid=24525&s=2
"Engtoften  64, 1. tv8260 Viby J",Ledig nu,PKA_Logo_2014,"9.956,00 kr.288,75 kr.",2,77,/bolig.aspx?aid=24523&s=2
"Christian X's Vej  108, st. tv8260 Viby J",Ledig nu,PKA_Logo_2014,"11.769,00 kr.420,00 kr.",4,112,/bolig.aspx?aid=24506&s=2
"Christian X's Vej  108, 2. th8260 Viby J",01-10-2017,PKA_Logo_2014,"12.487,00 kr.423,75 kr.",4,113,/bolig.aspx?aid=24503&s=2
"Ågades Passage  8A, 2.  9000 Aalborg",01-10-2017,Sampension,"8.929,16 kr.410,00 kr.",3,93,/bolig.aspx?aid=24499&s=2
Emiliedalen  2298270 Højbjerg,01-10-2017,Lærernes Pension,"13.305,72 kr.",5,127,/bolig.aspx?aid=24497&s=2
"Krimsvej  11B, st. th.2300 København S",01-10-2017,Lærernes Pension,"14.228,50 kr.1.200,00 kr.",3,109,/bolig.aspx?aid=24363&s=2
"Abildhaven  85, st.8520 Lystrup",01-10-2017,Pædagogernes Pensionskasse,"10.778,51 kr.",4,110,/bolig.aspx?aid=24352&s=2
"Artillerivej  160, 7. 42300 København S",01-10-2017,PKA_Logo_2014,"17.135,08 kr.1.400,00 kr.",4,129,/bolig.aspx?aid=24335&s=2
"Vindrosen  4, 1. 3.8240 Risskov",01-11-2017,AP Pension,"10.500,00 kr.497,00 kr.",2,85,/bolig.aspx?aid=24283&s=2
"Broloftet  12, 2. tv.8240 Risskov",01-11-2017,AP Pension,"10.590,00 kr.530,83 kr.",3,91,/bolig.aspx?aid=24238&s=2
"Broloftet  2, 2. 1.8240 Risskov",01-10-2017,AP Pension,"10.300,00 kr.478,33 kr.",3,82,/bolig.aspx?aid=24235&s=2
"Vindrosen  2, 1. 3.8240 Risskov",01-01-2018,AP Pension,"9.633,00 kr.495,83 kr.",2,85,/bolig.aspx?aid=24226&s=2
"Vindrosen  2, st. 5.8240 Risskov",Ledig nu,AP Pension,"12.705,00 kr.705,83 kr.",4,121,/bolig.aspx?aid=24223&s=2
"Vindrosen  2, st. 2.8240 Risskov",01-11-2017,AP Pension,"10.501,00 kr.542,50 kr.",3,93,/bolig.aspx?aid=24220&s=2
"Broloftet  12, 5. tv.8240 Risskov",01-11-2017,AP Pension,"11.100,00 kr.560,00 kr.",3,96,/bolig.aspx?aid=24218&s=2
"Broloftet  2, st. mf.8240 Risskov",Ledig nu,AP Pension,"9.800,00 kr.170,83 kr.",3,82,/bolig.aspx?aid=24187&s=2
"Marie Curies Allé  161, st.9220 Aalborg Øst",Ledig nu,DaVinciLogo,"9.350,00 kr.805,00 kr.",3,101,/bolig.aspx?aid=24145&s=2
"Marmorvej  23, st. th.2100 København Ø",01-10-2017,Pensam,"15.984,94 kr.1.120,00 kr.",3,100,/bolig.aspx?aid=24141&s=2
"Vestre Teglgade  2G, st. TV2450 København SV",01-10-2017,PKA_Logo_2014,"17.595,25 kr.1.295,00 kr.",3,124,/bolig.aspx?aid=24131&s=2
"Lille Borgergade  19, 3. tv.9400 Nørresundby",Ledig nu,PenSam,"12.674,13 kr.566,00 kr.",4,146,/bolig.aspx?aid=24075&s=2
"Marie Curies Allé  26, 1. lejl. 19220 Aalborg Øst",Ledig nu,DaVinciLogo,"8.400,00 kr.805,00 kr.",3,110,/bolig.aspx?aid=24067&s=2
"Marie Curies Allé  127, st.9220 Aalborg Øst",Ledig nu,DaVinciLogo,"9.350,00 kr.805,00 kr.",3,99,/bolig.aspx?aid=24059&s=2
"Ågades Passage  5 , 2. th.9000 Aalborg",01-10-2017,Sampension,"8.448,32 kr.320,00 kr.",3,88,/bolig.aspx?aid=24049&s=2
"Teglholmsgade  60, 4. mf.2450 København SV",01-10-2017,Pensamlogo,"14.072,12 kr.770,00 kr.",3,96,/bolig.aspx?aid=24045&s=2
"Marie Curies Allé  93, 1. lejl. 49220 Aalborg Øst",Ledig nu,DaVinciLogo,"8.400,00 kr.805,00 kr.",3,116,/bolig.aspx?aid=23994&s=2
"Danmarksgade  70F, 3. TV.9900 Frederikshavn",Ledig nu,PenSam,"4.000,42 kr.1.080,00 kr.",3,105,/bolig.aspx?aid=23957&s=2
"Marmorvej  25, st. th.2100 København Ø",01-10-2017,Pensam,"15.308,55 kr.1.050,00 kr.",3,94,/bolig.aspx?aid=23850&s=2
"Marmorvej  27, st. th.2100 København Ø",01-10-2017,Pensam,"20.789,46 kr.1.440,00 kr.",4,129,/bolig.aspx?aid=23849&s=2
"Ågades Passage  8A, 3.  9000 Aalborg",01-10-2017,Sampension,"8.594,44 kr.320,00 kr.",3,93,/bolig.aspx?aid=23830&s=2
"Ny Banegårdsgade  51 , 3. tv8000 Århus C",01-10-2017,PKA_Logo_2014,"10.251,61 kr.470,00 kr.",3,82,/bolig.aspx?aid=23811&s=2
"Søndervangs Allé  16C, 3. TV.8260 Viby J",01-10-2017,PKA_Logo_2014,"14.002,17 kr.750,00 kr.",4,140,/bolig.aspx?aid=23800&s=2
"Peder Nilen Gade  1, st. lejl. 2403400 Hillerød",01-10-2017,DanicaLogo,"13.577,25 kr.700,00 kr.",3,127,/bolig.aspx?aid=23796&s=2
"Teglholmsgade  60, 5. tv.2450 København SV",01-10-2017,Pensamlogo,"14.474,24 kr.1.250,00 kr.",3,96,/bolig.aspx?aid=23784&s=2
"Marie Curies Allé  68, 1. lejl. 39220 Aalborg Øst",Ledig nu,DaVinciLogo,"8.400,00 kr.805,00 kr.",3,110,/bolig.aspx?aid=23781&s=2
"Ågades Passage  3A, 1.  9000 Aalborg",01-10-2017,Sampension,"6.912,63 kr.460,00 kr.",2,72,/bolig.aspx?aid=23778&s=2
"Marie Curies Allé  93, 1. lejl. 59220 Aalborg Øst",Ledig nu,DaVinciLogo,"8.400,00 kr.805,00 kr.",3,116,/bolig.aspx?aid=23746&s=2
"Marie Curies Allé  68, 1. lejl. 49220 Aalborg Øst",Ledig nu,DaVinciLogo,"8.400,00 kr.805,00 kr.",3,110,/bolig.aspx?aid=23745&s=2
"Marie Curies Allé  95, st.9220 Aalborg Øst",Ledig nu,DaVinciLogo,"9.200,00 kr.805,00 kr.",4,114,/bolig.aspx?aid=23728&s=2
"Ben Websters Vej  70, 5. th2450 København SV",01-10-2017,CEJ Ejendomsadministration,"15.000,00 kr.1.000,00 kr.",3,104,/bolig.aspx?aid=23720&s=2
"Engtoften  76, st. th8260 Viby J",Ledig nu,PKA_Logo_2014,"12.367,00 kr.420,00 kr.",4,112,/bolig.aspx?aid=23637&s=2
"Christian X's Vej  106, 2. tv8260 Viby J",01-11-2017,PKA_Logo_2014,"12.487,00 kr.423,75 kr.",4,113,/bolig.aspx?aid=23633&s=2
"Christian X's Vej  106, st. tv8260 Viby J",Ledig nu,PKA_Logo_2014,"11.769,00 kr.420,00 kr.",4,112,/bolig.aspx?aid=23611&s=2
"Christian X's Vej  104, st. tv8260 Viby J",Ledig nu,PKA_Logo_2014,"11.769,00 kr.420,00 kr.",4,112,/bolig.aspx?aid=23607&s=2
"Artillerivej  160, 14. 12300 København S",01-10-2017,PKA_Logo_2014,"16.582,34 kr.1.085,00 kr.",3,100,/bolig.aspx?aid=23554&s=2
"Engdalsvej  69A, st. tv.8220 Brabrand",01-10-2017,Logo,"8.903,33 kr.500,00 kr.",2,82,/bolig.aspx?aid=23426&s=2
"Marie Curies Allé  93, 1. lejl. 29220 Aalborg Øst",Ledig nu,DaVinciLogo,"8.400,00 kr.805,00 kr.",3,112,/bolig.aspx?aid=23410&s=2
"Marie Curies Allé  80, 1. lejl. 49220 Aalborg Øst",Ledig nu,DaVinciLogo,"8.400,00 kr.805,00 kr.",3,101,/bolig.aspx?aid=23402&s=2
"Artillerivej  92B, 5. tv.2300 København S",01-10-2017,PKA_Logo_2014,"23.606,63 kr.1.400,00 kr.",4,140,/bolig.aspx?aid=23050&s=2
"Marmorvej  9C, 2. th.2100 København Ø",Ledig nu,Pensam,"19.840,00 kr.1.440,00 kr.",4,128,/bolig.aspx?aid=23011&s=2
"Marmorvej  9B, 1. tv.2100 København Ø",Ledig nu,Pensam,"19.720,00 kr.1.530,00 kr.",4,136,/bolig.aspx?aid=23002&s=2
"Marmorvej  15C, st. th.2100 København Ø",Ledig nu,Pensam,"19.317,00 kr.1.400,00 kr.",4,122,/bolig.aspx?aid=22945&s=2
"Østergade  4, 2. TH.7500 Holstebro",Ledig nu,PenSam,"7.900,00 kr.1.200,00 kr.",5,150,/bolig.aspx?aid=22847&s=2
"Enghavevej  38, 1. tv8260 Viby J",Ledig nu,PKA_Logo_2014,"12.487,00 kr.431,25 kr.",4,115,/bolig.aspx?aid=22714&s=2
"Enghavevej  34, 1. tv8260 Viby J",Ledig nu,PKA_Logo_2014,"13.400,00 kr.450,00 kr.",4,120,/bolig.aspx?aid=22710&s=2
"Enghavevej  38, st. tv8260 Viby J",01-10-2017,PKA_Logo_2014,"12.808,33 kr.435,00 kr.",4,116,/bolig.aspx?aid=22706&s=2
"Enghavevej  34, st. tv8260 Viby J",01-11-2017,PKA_Logo_2014,"12.808,33 kr.435,00 kr.",4,116,/bolig.aspx?aid=22704&s=2
"Stævnen  38, st. TV.7100 Vejle",01-10-2017,Deas logo,"12.277,42 kr.490,00 kr.",4,108,/bolig.aspx?aid=22568&s=2
"Teglholmsgade  76, 2. th.2450 København SV",01-10-2017,Pensamlogo,"13.717,61 kr.915,00 kr.",3,94,/bolig.aspx?aid=22507&s=2
"Marmorvej  45, 1. tv.2100 København Ø",01-10-2017,Pensam,"19.657,08 kr.1.440,00 kr.",4,130,/bolig.aspx?aid=22425&s=2
"Artillerivej  160, 3. 42300 København S",01-10-2017,PKA_Logo_2014,"16.079,84 kr.1.400,00 kr.",4,129,/bolig.aspx?aid=22357&s=2
"Amagerfælledvej  116, 1. TV2300 København S",01-10-2017,AP Pension,"15.556,08 kr.1.350,00 kr.",4,119,/bolig.aspx?aid=22012&s=2
"Vejlegade 10, st.2100 København Ø",01-11-2017,CEJ Ejendomsadministration,"12.500,00 kr.1.000,00 kr.",2,68,/bolig.aspx?aid=21518&s=2
"Brydes Alle  11, 1. th.5610 Assens",01-10-2017,PKA_Logo_2014,"8.297,87 kr.735,00 kr.",4,94,/bolig.aspx?aid=20943&s=2
"Howitzvej 51 A, 2. th2000 Frederiksberg",Ledig nu,CEJ Ejendomsadministration,"17.700,00 kr.1.000,00 kr.",3,106,/bolig.aspx?aid=17078&s=2
"Danmarksgade  70B, 2. TV.9900 Frederikshavn",Ledig nu,PenSam,"7.535,31 kr.2.160,00 kr.",5,169,/bolig.aspx?aid=14085&s=2
"Havnegade  20B, 2. th.5600 Faaborg",01-10-2017,PKA_Logo_2014,"9.032,43 kr.250,00 kr.",4,105,/bolig.aspx?aid=14071&s=2
"Danmarksgade  70F, 3. TH.9900 Frederikshavn",Ledig nu,PenSam,"6.864,74 kr.1.680,00 kr.",5,171,/bolig.aspx?aid=13412&s=2
