Address,Availability,Owner,Rooms,Size,links,postal,city,streetaddress,Price,acconto,housenumber,X,Y,UTM1,UTM2
"Amagerfælledvej  124, 3. TV2300 København S",01-10-2017,AP Pension,4,114,https://www.findbolig.nu/bolig.aspx?aid=27215&s=2,2300,København S,Amagerfælledvej,15158.0,1290.0,124,12.59082873,55.65691688,348433.12624919956,6170528.117139325
"Amagerfælledvej  142, 2. TH2300 København S",01-10-2017,AP Pension,4,98,https://www.findbolig.nu/bolig.aspx?aid=27216&s=2,2300,København S,Amagerfælledvej,14104.0,1110.0,142,12.59131389,55.65653067,348462.149986282,6170484.089248309
"Amagerfælledvej  118, 5. TH2300 København S",01-10-2017,AP Pension,4,103,https://www.findbolig.nu/bolig.aspx?aid=27252&s=2,2300,København S,Amagerfælledvej,14549.17,1170.0,118,12.59128055,55.65694779,348461.66470804345,6170530.568901406
"Carl Jacobsens Vej  19U, 4. TH2500 Valby",01-10-2017,Lærernes Pension,4,127,https://www.findbolig.nu/bolig.aspx?aid=27313&s=2,2500,Valby,Carl Jacobsens Vej,15954.22,1200.0,19U,12.51785894,55.65274398,343826.8300900011,6170225.72503503
"Carl Jacobsens Vej  19N, 5. TV2500 Valby",01-10-2017,Lærernes Pension,4,119,https://www.findbolig.nu/bolig.aspx?aid=27314&s=2,2500,Valby,Carl Jacobsens Vej,15476.85,1200.0,19N,12.51713248,55.65314409,343782.72615202126,6170271.874244686
"Marmorvej  43, st. th.2100 København Ø",01-10-2017,Pensam,4,130,https://www.findbolig.nu/bolig.aspx?aid=24689&s=2,2100,København Ø,Marmorvej,20679.26,1440.0,43,12.59627768,55.70436694,348958.8839637465,6175795.320243412
"Margrethevænget 6, 5. 12665 Vallensbæk Strand",01-10-2017,CEJ Ejendomsadministration,4,117,https://www.findbolig.nu/bolig.aspx?aid=27183&s=2,2665,Vallensbæk Strand,Margrethevænget,13600.0,1340.0,6,12.37634251,55.62429522,334805.27762184397,6167388.538502819
"Ben Websters Vej  86, st.2450 København SV",01-10-2017,CEJ Ejendomsadministration,3,97,https://www.findbolig.nu/bolig.aspx?aid=27111&s=2,2450,København SV,Ben Websters Vej,14500.0,1000.0,86,12.55212112,55.64593231,345955.33650573355,6169391.295489256
"Ben Websters Vej 62, 5. tv2450 København SV",01-10-2017,CEJ Ejendomsadministration,3,92,https://www.findbolig.nu/bolig.aspx?aid=27113&s=2,2450,København SV,Ben Websters Vej,14500.0,1000.0,62,12.55192056,55.64645101,345944.75490290276,6169449.448285781
"Göteborg Plads  15, 3. tv.2150 Nordhavn",01-10-2017,Pensamlogo,3,105,https://www.findbolig.nu/bolig.aspx?aid=27071&s=2,2150,Nordhavn,Göteborg Plads,15958.33,1175.0,15,12.59637062,55.706983,348974.81602547696,6176086.170673998
"Artillerivej  160, 2. 22300 København S",01-10-2017,PKA_Logo_2014,4,127,https://www.findbolig.nu/bolig.aspx?aid=27080&s=2,2300,København S,Artillerivej,15426.6,1380.0,160,12.5678003,55.65353166,346971.45776376827,6170202.053889057
"Teglholmsgade  78, 5. tv.2450 København SV",01-10-2017,Pensamlogo,3,91,https://www.findbolig.nu/bolig.aspx?aid=27085&s=2,2450,København SV,Teglholmsgade,15700.0,985.0,78,12.5546851,55.6500903,346132.96123690426,6169848.198639763
"Poul Hartlings Gade  8, st. th2300 København S",01-10-2017,Sampension,4,114,https://www.findbolig.nu/bolig.aspx?aid=27117&s=2,2300,København S,Poul Hartlings Gade,16150.0,941.67,8,12.57042809,55.65954007,347160.17455219297,6170864.723901763
"Mikkelborg Park   14, st. tv.2970 Hørsholm",01-10-2017,Deas logo,5,129,https://www.findbolig.nu/bolig.aspx?aid=27122&s=2,2970,Hørsholm,Mikkelborg Park,15588.65,875.0,14,12.52577216,55.90747572,345337.20265490876,6198548.1632841695
"Artillerivej  106, 5. th.2300 København S",01-10-2017,Lærernes Pension,4,127,https://www.findbolig.nu/bolig.aspx?aid=27129&s=2,2300,København S,Artillerivej,17978.0,1690.0,106,12.571837,55.65944751,347248.4265927423,6170851.322601538
"Krimsvej  11H, st. th.2300 København S",01-10-2017,Lærernes Pension,3,101,https://www.findbolig.nu/bolig.aspx?aid=27138&s=2,2300,København S,Krimsvej,14228.5,900.0,11H,12.63020105,55.66079881,350924.376038199,6170874.681391236
"Gyvelholm  6 , st.  2830 Virum",01-10-2017,Deas Logo,4,121,https://www.findbolig.nu/bolig.aspx?aid=27153&s=2,2830,Virum,Gyvelholm,17150.7,,6,12.44401664,55.79391337,339761.19678757084,6186099.791523847
"Carl Jacobsens Vej  19Y, 5. TV2500 Valby",01-10-2017,Lærernes Pension,4,114,https://www.findbolig.nu/bolig.aspx?aid=27157&s=2,2500,Valby,Carl Jacobsens Vej,14270.86,1125.0,19Y,12.51830978,55.65304692,343856.39594495925,6170258.413127415
"Artillerivej  160, 13. 32300 København S",01-10-2017,PKA_Logo_2014,4,134,https://www.findbolig.nu/bolig.aspx?aid=26935&s=2,2300,København S,Artillerivej,17989.32,1455.0,160,12.5678003,55.65353166,346971.45776376827,6170202.053889057
"Artillerivej  160, 13. 42300 København S",01-10-2017,PKA_Logo_2014,3,129,https://www.findbolig.nu/bolig.aspx?aid=26937&s=2,2300,København S,Artillerivej,18391.32,1400.0,160,12.5678003,55.65353166,346971.45776376827,6170202.053889057
"Amagerfælledvej  124, 1. TH2300 København S",01-10-2017,AP Pension,4,116,https://www.findbolig.nu/bolig.aspx?aid=26838&s=2,2300,København S,Amagerfælledvej,15124.33,1310.0,124,12.59082873,55.65691688,348433.12624919956,6170528.117139325
"Carl Jacobsens Vej  17N, 5.2500 Valby",01-10-2017,PKA_Logo_2014,3,132,https://www.findbolig.nu/bolig.aspx?aid=26844&s=2,2500,Valby,Carl Jacobsens Vej,14680.49,1450.0,17N,12.51848398,55.65253398,343865.3119230027,6170200.954880017
"Søborg Hovedgade  123, 1. TV2860 Søborg",01-10-2017,PKA_Logo_2014,3,111,https://www.findbolig.nu/bolig.aspx?aid=26848&s=2,2860,Søborg,Søborg Hovedgade,14803.76,966.67,123,12.50718545,55.73801575,343496.58916669025,6179736.576651569
"Ben Websters Vej 70, 2. 142450 København SV",01-10-2017,CEJ Ejendomsadministration,4,106,https://www.findbolig.nu/bolig.aspx?aid=26869&s=2,2450,København SV,Ben Websters Vej,15500.0,1000.0,70,12.55251882,55.64619062,345981.37225971674,6169419.150500648
"Krimsvej  23, 10. th.2300 København S",01-10-2017,Lærernes Pension,3,101,https://www.findbolig.nu/bolig.aspx?aid=26875&s=2,2300,København S,Krimsvej,15169.71,1100.0,23,12.6318765,55.65903342,351023.0439423981,6170674.670612634
"Göteborg Plads  15, 4. tv.2150 Nordhavn",01-10-2017,Pensamlogo,3,105,https://www.findbolig.nu/bolig.aspx?aid=27033&s=2,2150,Nordhavn,Göteborg Plads,16425.0,1175.0,15,12.59637062,55.706983,348974.81602547696,6176086.170673998
"Teglholmsgade  76, 3. tv2450 København SV",01-10-2017,Pensamlogo,3,99,https://www.findbolig.nu/bolig.aspx?aid=25245&s=2,2450,København SV,Teglholmsgade,13820.79,930.0,76,12.5545268,55.64996496,346122.5110096676,6169834.6051720595
"Ben Websters Vej 38, 3. mf2450 København SV",01-10-2017,CEJ Ejendomsadministration,3,93,https://www.findbolig.nu/bolig.aspx?aid=25246&s=2,2450,København SV,Ben Websters Vej,15000.0,1000.0,38,12.55161621,55.64651396,345925.85390937305,6169457.127616339
"Axel Heides Gade  12, 5. th2300 København S",01-10-2017,Sampension,3,90,https://www.findbolig.nu/bolig.aspx?aid=26768&s=2,2300,København S,Axel Heides Gade,14440.37,1010.0,12,12.57061619,55.6602846,347174.90674046637,6170947.141948488
"Amagerfælledvej  140, 2. TH2300 København S",01-10-2017,AP Pension,4,114,https://www.findbolig.nu/bolig.aspx?aid=26784&s=2,2300,København S,Amagerfælledvej,15335.25,1290.0,140,12.59114605,55.65651976,348451.5507565887,6170483.24212624
"Amagerfælledvej  116, 2. TV2300 København S",01-10-2017,AP Pension,4,119,https://www.findbolig.nu/bolig.aspx?aid=26792&s=2,2300,København S,Amagerfælledvej,15642.0,1350.0,116,12.59132651,55.65686795,348464.2470385459,6170521.585873095
"Bisiddervej   22, 4. tv2400 København NV",01-10-2017,Pædagogernes Pensionskasse,3,91,https://www.findbolig.nu/bolig.aspx?aid=27383&s=2,2400,København NV,Bisiddervej,12900.0,1100.0,22,12.5354375,55.70625569,345144.23142646044,6176139.680331825
"Bisiddervej   20, 5. th2400 København NV",01-10-2017,Pædagogernes Pensionskasse,3,92,https://www.findbolig.nu/bolig.aspx?aid=27421&s=2,2400,København NV,Bisiddervej,13800.0,1100.0,20,12.53526607,55.70625299,345133.45171411906,6176139.762894516
"Amagerfælledvej  136, 5. TV2300 København S",01-10-2017,AP Pension,4,110,https://www.findbolig.nu/bolig.aspx?aid=27425&s=2,2300,København S,Amagerfælledvej,15294.42,1250.0,136,12.59056843,55.65661734,348415.59584889014,6170495.360516958
"Amagerfælledvej  140, 4. TH2300 København S",01-10-2017,AP Pension,4,114,https://www.findbolig.nu/bolig.aspx?aid=27426&s=2,2300,København S,Amagerfælledvej,15552.92,1290.0,140,12.59114605,55.65651976,348451.5507565887,6170483.24212624
"Teglholmsgade  76, 4. mf.2450 København SV",01-10-2017,Pensamlogo,3,99,https://www.findbolig.nu/bolig.aspx?aid=27432&s=2,2450,København SV,Teglholmsgade,13820.79,1075.0,76,12.5545268,55.64996496,346122.5110096676,6169834.6051720595
"Teglholmsgade  76, 4. th.2450 København SV",01-10-2017,Pensamlogo,3,94,https://www.findbolig.nu/bolig.aspx?aid=27433&s=2,2450,København SV,Teglholmsgade,14050.0,1020.0,76,12.5545268,55.64996496,346122.5110096676,6169834.6051720595
"Teglholmsgade  76, 5. th.2450 København SV",01-10-2017,Pensamlogo,3,94,https://www.findbolig.nu/bolig.aspx?aid=27434&s=2,2450,København SV,Teglholmsgade,14348.57,865.0,76,12.5545268,55.64996496,346122.5110096676,6169834.6051720595
"Peder Nilen Gade  1, st. lejl. 2263400 Hillerød",01-10-2017,DanicaLogo,3,123,https://www.findbolig.nu/bolig.aspx?aid=27437&s=2,3400,Hillerød,Peder Nilen Gade,14577.24,900.0,1,12.2975147,55.92948464,331168.4273467959,6201530.667389273
"Carl Jacobsens Vej  19T, 4. TH2500 Valby",01-10-2017,Lærernes Pension,4,117,https://www.findbolig.nu/bolig.aspx?aid=27466&s=2,2500,Valby,Carl Jacobsens Vej,14019.61,1150.0,19T,12.51808834,55.65285474,343841.7013472067,6170237.530985527
"Krimsvej  11F, 9. mf.2300 København S",01-10-2017,Lærernes Pension,3,105,https://www.findbolig.nu/bolig.aspx?aid=27469&s=2,2300,København S,Krimsvej,16165.02,1200.0,11F,12.63080232,55.66081427,350962.2507203489,6170875.109348939
"Carl Jacobsens Vej  19Y, 3. TV2500 Valby",01-10-2017,Lærernes Pension,4,109,https://www.findbolig.nu/bolig.aspx?aid=27475&s=2,2500,Valby,Carl Jacobsens Vej,13868.86,1100.0,19Y,12.51830978,55.65304692,343856.39594495925,6170258.413127415
"Bygmestervej   1B, 3. th2400 København NV",01-10-2017,Pædagogernes Pensionskasse,3,106,https://www.findbolig.nu/bolig.aspx?aid=27559&s=2,2400,København NV,Bygmestervej,14150.0,1100.0,1B,12.5349331,55.7060083,345111.5667178972,6176113.283947255
"Ben Websters Vej  70, 5. th2450 København SV",01-10-2017,CEJ Ejendomsadministration,3,104,https://www.findbolig.nu/bolig.aspx?aid=23720&s=2,2450,København SV,Ben Websters Vej,15000.0,1000.0,70,12.55251882,55.64619062,345981.37225971674,6169419.150500648
"Artillerivej  160, 14. 12300 København S",01-10-2017,PKA_Logo_2014,3,100,https://www.findbolig.nu/bolig.aspx?aid=23554&s=2,2300,København S,Artillerivej,16582.34,1085.0,160,12.5678003,55.65353166,346971.45776376827,6170202.053889057
"Teglholmsgade  60, 5. tv.2450 København SV",01-10-2017,Pensamlogo,3,96,https://www.findbolig.nu/bolig.aspx?aid=23784&s=2,2450,København SV,Teglholmsgade,14474.24,1250.0,60,12.55578204,55.64992595,346201.3246259209,6169827.48153318
"Kløverbladsgade  75, 2. TH2500 Valby",01-12-2017,AP Pension,3,104,https://www.findbolig.nu/bolig.aspx?aid=26584&s=2,2500,Valby,Kløverbladsgade,12993.17,1079.17,75,12.51885933,55.65348558,343892.710762938,6170305.978538306
"Kløverbladsgade  75, 2. TV2500 Valby",01-12-2017,AP Pension,3,108,https://www.findbolig.nu/bolig.aspx?aid=26585&s=2,2500,Valby,Kløverbladsgade,12968.88,1121.88,75,12.51885933,55.65348558,343892.710762938,6170305.978538306
"Ben Websters Vej 66, 6. th2450 København SV",15-12-2017,CEJ Ejendomsadministration,3,94,https://www.findbolig.nu/bolig.aspx?aid=28010&s=2,2450,København SV,Ben Websters Vej,15500.0,1000.0,66,12.55210852,55.6463828,345956.31260331406,6169441.442276262
"Alliancevej 24, 1. th2450 København SV",15-12-2017,CEJ Ejendomsadministration,3,123,https://www.findbolig.nu/bolig.aspx?aid=28007&s=2,2450,København SV,Alliancevej,17000.0,1400.0,24,12.55245132,55.64779851,345983.43798249646,6169598.184570889
"Lyngholmpark  39 , 1.  3520 Farum",15-12-2017,Deas Logo,2,70,https://www.findbolig.nu/bolig.aspx?aid=27966&s=2,3520,Farum,Lyngholmpark,7136.76,600.0,39,12.3865199,55.82110364,336271.75085375365,6189259.2794936905
"Gyngemose Parkvej 2D, 1. tv2860 Søborg",01-01-2018,CEJ Ejendomsadministration,4,102,https://www.findbolig.nu/bolig.aspx?aid=27996&s=2,2860,Søborg,Gyngemose Parkvej,12000.0,1000.0,2D,12.47392414,55.72598322,341360.0701445304,6178473.542594268
"Alliancevej 28, 2. tv2450 København SV",01-01-2018,CEJ Ejendomsadministration,4,108,https://www.findbolig.nu/bolig.aspx?aid=27949&s=2,2450,København SV,Alliancevej,16600.0,1300.0,28,12.55282834,55.64777751,346007.0749968992,6169595.01127337
"Alliancevej 26, 1. tv2450 København SV",01-01-2018,CEJ Ejendomsadministration,3,94,https://www.findbolig.nu/bolig.aspx?aid=27947&s=2,2450,København SV,Alliancevej,15200.0,1100.0,26,12.55263962,55.64777426,345995.1892960926,6169595.068629364
"Ben Websters Vej 70, 2. 172450 København SV",01-01-2018,CEJ Ejendomsadministration,4,106,https://www.findbolig.nu/bolig.aspx?aid=28005&s=2,2450,København SV,Ben Websters Vej,15500.0,1000.0,70,12.55251882,55.64619062,345981.37225971674,6169419.150500648
"Rantzausgade 60D, 2. 42200 København N",01-01-2018,CEJ Ejendomsadministration,2,79,https://www.findbolig.nu/bolig.aspx?aid=28015&s=2,2200,København N,Rantzausgade,12000.0,1000.0,60D,12.54603818,55.68796222,345738.1032631342,6174080.8197005065
"Ernie Wilkins Vej  11, 4. th2450 København SV",01-01-2018,CEJ Ejendomsadministration,3,94,https://www.findbolig.nu/bolig.aspx?aid=28016&s=2,2450,København SV,Ernie Wilkins Vej,13500.0,1000.0,11,12.55112161,55.64602493,345892.81520345574,6169403.819665706
"Clara Pontoppidans Vej 87, st. tv2500 Valby",01-01-2018,CEJ Ejendomsadministration,3,87,https://www.findbolig.nu/bolig.aspx?aid=28017&s=2,2500,Valby,Clara Pontoppidans Vej,12000.0,1000.0,87,12.51130086,55.65892895,343438.99124974327,6170928.6049302025
"Howitzvej 51 A, 2. th2000 Frederiksberg",01-01-2018,CEJ Ejendomsadministration,3,106,https://www.findbolig.nu/bolig.aspx?aid=17078&s=2,2000,Frederiksberg,Howitzvej,17700.0,1000.0,51,12.53277741,55.67913534,344869.7387112316,6173128.375579044
"Ben Websters Vej 50, st.2450 København SV",01-11-2017,CEJ Ejendomsadministration,3,98,https://www.findbolig.nu/bolig.aspx?aid=27114&s=2,2450,København SV,Ben Websters Vej,14500.0,1000.0,50,12.55128869,55.64634227,345904.5736200551,6169438.753863986
"Margretheholmsvej  16, 4. tv1432 København K",01-11-2017,PKA_Logo_2014,4,92,https://www.findbolig.nu/bolig.aspx?aid=27399&s=2,1432,København K,Margretheholmsvej,12683.61,960.0,16,12.61554326,55.68344104,350089.12569892866,6173425.370982714
"Vestre Teglgade  2C, 5. TH2450 København SV",01-11-2017,PKA_Logo_2014,4,110,https://www.findbolig.nu/bolig.aspx?aid=27406&s=2,2450,København SV,Vestre Teglgade,15103.43,1150.0,2C,12.5486939,55.6526905,345766.28370851243,6170150.786068461
"Amalieparken 87, st. 32665 Vallensbæk Strand",01-11-2017,CEJ Ejendomsadministration,4,117,https://www.findbolig.nu/bolig.aspx?aid=27375&s=2,2665,Vallensbæk Strand,Amalieparken,12450.0,1285.0,87,12.37505696,55.62487487,334726.79544761614,6167456.084768854
"Kirkeskov Allé  11, 2. 13050 Humlebæk",01-11-2017,PKA_Logo_2014,2,77,https://www.findbolig.nu/bolig.aspx?aid=27476&s=2,3050,Humlebæk,Kirkeskov Allé,9963.27,725.0,11,12.53201977,55.96476841,345955.24397863727,6204908.461499953
Lille Ellekongstræde  1   3700 Rønne,01-11-2017,PKA_Logo_2014,2,83,https://www.findbolig.nu/bolig.aspx?aid=27660&s=2,3700,Rønne,Lille Ellekongstræde,6726.75,450.0,1,14.70097517,55.10206481,480920.4367123025,6106190.022213868
"Mortonsvej  8, 2. TH.2800 Kongens Lyngby",01-11-2017,PKA_Logo_2014,4,118,https://www.findbolig.nu/bolig.aspx?aid=27661&s=2,2800,Kongens Lyngby,Mortonsvej,16400.62,1233.33,8,12.49384523,55.77215029,342796.661436795,6183564.382998049
"Algade  33, 5.4000 Roskilde",01-11-2017,PKA_Logo_2014,6,177,https://www.findbolig.nu/bolig.aspx?aid=27890&s=2,4000,Roskilde,Algade,17611.5,2175.0,33,12.08679741,55.64109762,316658.42051696044,6169984.999632614
"Marmorvej  17A, 1. th.2100 København Ø",01-11-2017,Pensam,3,99,https://www.findbolig.nu/bolig.aspx?aid=27458&s=2,2100,København Ø,Marmorvej,15510.0,1125.0,17A,12.59455258,55.70395244,348848.90781428706,6175752.964332042
"C. F. Møllers Alle  2D, 2. TH.2300 København S",01-11-2017,Deas logo,3,98,https://www.findbolig.nu/bolig.aspx?aid=27799&s=2,2300,København S,C.F. Møllers Allé,13965.0,460.0,2D,12.57509581,55.63572083,347361.09971259907,6168204.446316739
"Strandbjerg  1E, 2. tv.2960 Rungsted Kyst",01-11-2017,Deas Logo,3,150,https://www.findbolig.nu/bolig.aspx?aid=27767&s=2,2960,Rungsted Kyst,Strandbjerg,17994.82,1100.0,1E,12.53742963,55.89236143,346005.8542541994,6196840.579521184
"Vestre Teglgade  2P, 3. TH2450 København SV",01-11-2017,PKA_Logo_2014,4,111,https://www.findbolig.nu/bolig.aspx?aid=27780&s=2,2450,København SV,Vestre Teglgade,14701.43,1160.0,2P,12.54819572,55.65294401,345735.94274578773,6170180.097816388
"Nørrebrogade 224, 1. tv2200 København N",01-11-2017,AdvokaterLoegstrup,3,93,https://www.findbolig.nu/bolig.aspx?aid=27750&s=2,2200,København N,Nørrebrogade,11250.0,1350.0,224,12.54020343,55.70013915,345419.471807537,6175448.55214671
"Nørrebrogade 224, 1. th2200 København N",01-11-2017,AdvokaterLoegstrup,3,102,https://www.findbolig.nu/bolig.aspx?aid=27751&s=2,2200,København N,Nørrebrogade,14000.0,1350.0,224,12.54020343,55.70013915,345419.471807537,6175448.55214671
"Nørrebrogade 224, 2. tv2200 København N",01-11-2017,AdvokaterLoegstrup,3,93,https://www.findbolig.nu/bolig.aspx?aid=27752&s=2,2200,København N,Nørrebrogade,12500.0,1350.0,224,12.54020343,55.70013915,345419.471807537,6175448.55214671
"Nørrebrogade 224, 2. th2200 København N",01-11-2017,AdvokaterLoegstrup,3,102,https://www.findbolig.nu/bolig.aspx?aid=27753&s=2,2200,København N,Nørrebrogade,15000.0,1350.0,224,12.54020343,55.70013915,345419.471807537,6175448.55214671
"Nørrebrogade 224, 3. tv2200 København N",01-11-2017,AdvokaterLoegstrup,3,93,https://www.findbolig.nu/bolig.aspx?aid=27754&s=2,2200,København N,Nørrebrogade,13000.0,1350.0,224,12.54020343,55.70013915,345419.471807537,6175448.55214671
"Nørrebrogade 224, 3. th2200 København N",01-11-2017,AdvokaterLoegstrup,3,102,https://www.findbolig.nu/bolig.aspx?aid=27755&s=2,2200,København N,Nørrebrogade,15000.0,1350.0,224,12.54020343,55.70013915,345419.471807537,6175448.55214671
"Nørrebrogade 224, 4. tv2200 København N",01-11-2017,AdvokaterLoegstrup,3,92,https://www.findbolig.nu/bolig.aspx?aid=27756&s=2,2200,København N,Nørrebrogade,13500.0,1350.0,224,12.54020343,55.70013915,345419.471807537,6175448.55214671
"Nørrebrogade 224, 4. th2200 København N",01-11-2017,AdvokaterLoegstrup,3,102,https://www.findbolig.nu/bolig.aspx?aid=27757&s=2,2200,København N,Nørrebrogade,15000.0,1350.0,224,12.54020343,55.70013915,345419.471807537,6175448.55214671
"Krimsvej  23, 14. tv.2300 København S",01-11-2017,Lærernes Pension,3,92,https://www.findbolig.nu/bolig.aspx?aid=27930&s=2,2300,København S,Krimsvej,14416.22,1000.0,23,12.6318765,55.65903342,351023.0439423981,6170674.670612634
"Carl Jacobsens Vej  19U, 2. TH2500 Valby",01-11-2017,Lærernes Pension,4,127,https://www.findbolig.nu/bolig.aspx?aid=27901&s=2,2500,Valby,Carl Jacobsens Vej,15652.72,1200.0,19U,12.51785894,55.65274398,343826.8300900011,6170225.72503503
"Axel Heides Gade  24, st. TH.2300 København S",01-11-2017,Lærernes Pension,3,111,https://www.findbolig.nu/bolig.aspx?aid=27935&s=2,2300,København S,Axel Heides Gade,15303.85,1360.0,24,12.57191615,55.66003821,347255.70566923136,6170916.8665048685
"Ben Websters Vej 70, 2. 132450 København SV",01-11-2017,CEJ Ejendomsadministration,3,106,https://www.findbolig.nu/bolig.aspx?aid=28004&s=2,2450,København SV,Ben Websters Vej,15500.0,1000.0,70,12.55251882,55.64619062,345981.37225971674,6169419.150500648
"Ben Websters Vej 62, 4. tv2450 København SV",01-11-2017,CEJ Ejendomsadministration,3,92,https://www.findbolig.nu/bolig.aspx?aid=28011&s=2,2450,København SV,Ben Websters Vej,15000.0,1000.0,62,12.55192056,55.64645101,345944.75490290276,6169449.448285781
"Ben Websters Vej 38, 1. mf2450 København SV",01-11-2017,CEJ Ejendomsadministration,3,93,https://www.findbolig.nu/bolig.aspx?aid=28012&s=2,2450,København SV,Ben Websters Vej,14500.0,1000.0,38,12.55161621,55.64651396,345925.85390937305,6169457.127616339
"Ernie Wilkins Vej  13, 2. th2450 København SV",01-11-2017,CEJ Ejendomsadministration,3,95,https://www.findbolig.nu/bolig.aspx?aid=28013&s=2,2450,København SV,Ernie Wilkins Vej,13500.0,1000.0,13,12.55130202,55.64593132,345903.79816355044,6169393.004439088
"Artillerivej  150, 3. tv2300 København S",15-11-2017,PKA_Logo_2014,3,92,https://www.findbolig.nu/bolig.aspx?aid=27738&s=2,2300,København S,Artillerivej,12374.68,970.0,150,12.56828672,55.65441641,347005.5068457064,6170299.413447841
"Bordeauxgade  1, 2. tv.2150 Nordhavn",15-11-2017,PKA_Logo_2014,3,121,https://www.findbolig.nu/bolig.aspx?aid=27740&s=2,2150,Nordhavn,Bordeauxgade,19020.01,1310.83,1,12.59547438,55.70663854,348917.18589783774,6176049.800184811
"Artillerivej  156, 4. th2300 København S",01-12-2017,PKA_Logo_2014,4,123,https://www.findbolig.nu/bolig.aspx?aid=27747&s=2,2300,København S,Artillerivej,15815.55,1285.0,156,12.56808428,55.6539345,346990.89280656737,6170246.245258105
"Artillerivej  160, 11. 12300 København S",01-12-2017,PKA_Logo_2014,3,100,https://www.findbolig.nu/bolig.aspx?aid=27781&s=2,2300,København S,Artillerivej,14622.6,1085.0,160,12.5678003,55.65353166,346971.45776376827,6170202.053889057
"Artillerivej  160, 6. 22300 København S",01-12-2017,PKA_Logo_2014,4,127,https://www.findbolig.nu/bolig.aspx?aid=27782&s=2,2300,København S,Artillerivej,15828.59,1460.0,160,12.5678003,55.65353166,346971.45776376827,6170202.053889057
"Artillerivej  160, 14. 32300 København S",01-12-2017,PKA_Logo_2014,4,134,https://www.findbolig.nu/bolig.aspx?aid=27785&s=2,2300,København S,Artillerivej,19597.3,1455.0,160,12.5678003,55.65353166,346971.45776376827,6170202.053889057
"Carl Jacobsens Vej  17A, st. TH.2500 Valby",01-12-2017,PKA_Logo_2014,3,106,https://www.findbolig.nu/bolig.aspx?aid=27786&s=2,2500,Valby,Carl Jacobsens Vej,12291.37,1150.0,17A,12.51919443,55.65266599,343910.52797860146,6170214.042549659
"Vesterbrogade 31, 4. tv1620 København V",01-12-2017,AdvokaterLoegstrup,2,101,https://www.findbolig.nu/bolig.aspx?aid=27765&s=2,1620,København V,Vesterbrogade,12500.0,1725.0,31,12.55842829,55.6727489,346457.1979046158,6172360.771632055
"Artillerivej  160, 9. 42300 København S",01-12-2017,PKA_Logo_2014,4,129,https://www.findbolig.nu/bolig.aspx?aid=27850&s=2,2300,København S,Artillerivej,17135.08,1400.0,160,12.5678003,55.65353166,346971.45776376827,6170202.053889057
"Vestre Havnevej  22 , 1. th4400 Kalundborg",01-12-2017,PKA_Logo_2014,4,84,https://www.findbolig.nu/bolig.aspx?aid=27853&s=2,4400,Kalundborg,Vestre Havnevej,8590.33,800.0,22,11.08073253,55.67873062,630834.7296892097,6172286.511106574
"Edvard Thomsens Vej 7C, 3. tv2300 København S",01-12-2017,CEJ Ejendomsadministration,3,100,https://www.findbolig.nu/bolig.aspx?aid=27821&s=2,2300,København S,Edvard Thomsens Vej,13400.0,900.0,7C,12.57455311,55.63237443,347313.92900279525,6167833.338357091
"Margretheholmsvej  42, 2. tv1432 København K",01-12-2017,PKA_Logo_2014,4,92,https://www.findbolig.nu/bolig.aspx?aid=27916&s=2,1432,København K,Margretheholmsvej,11922.59,960.0,42,12.61528825,55.68481039,350078.3368562487,6173578.271302773
"Krimsvej  23, 4. mf.2300 København S",01-12-2017,Lærernes Pension,3,106,https://www.findbolig.nu/bolig.aspx?aid=27920&s=2,2300,København S,Krimsvej,14600.0,1200.0,23,12.6318765,55.65903342,351023.0439423981,6170674.670612634
"Dirch Passers Allé  19, 2. tv2000 Frederiksberg",01-12-2017,Pædagogernes Pensionskasse,3,105,https://www.findbolig.nu/bolig.aspx?aid=27957&s=2,2000,Frederiksberg,Dirch Passers Allé,16214.08,1127.8,19,12.50506539,55.68229518,343140.35421236185,6173542.258045896
"Carl Jacobsens Vej  19U, 1. TV2500 Valby",01-12-2017,Lærernes Pension,5,140,https://www.findbolig.nu/bolig.aspx?aid=27962&s=2,2500,Valby,Carl Jacobsens Vej,15979.34,1350.0,19U,12.51785894,55.65274398,343826.8300900011,6170225.72503503
"Carl Jacobsens Vej  19T, 1. TH2500 Valby",01-12-2017,Lærernes Pension,4,118,https://www.findbolig.nu/bolig.aspx?aid=27963&s=2,2500,Valby,Carl Jacobsens Vej,14120.11,1150.0,19T,12.51808834,55.65285474,343841.7013472067,6170237.530985527
"Carl Jacobsens Vej  19Y, 2. TV2500 Valby",01-12-2017,Lærernes Pension,4,109,https://www.findbolig.nu/bolig.aspx?aid=27964&s=2,2500,Valby,Carl Jacobsens Vej,13768.36,1100.0,19Y,12.51830978,55.65304692,343856.39594495925,6170258.413127415
"Margretheholmsvej  40, 7. tv1432 København K",01-12-2017,PKA_Logo_2014,4,137,https://www.findbolig.nu/bolig.aspx?aid=27976&s=2,1432,København K,Margretheholmsvej,19279.09,1420.0,40,12.61520709,55.68471063,350072.85379535035,6173567.347830034
"Dirch Passers Allé  21, 2. th2000 Frederiksberg",01-12-2017,Pædagogernes Pensionskasse,4,123,https://www.findbolig.nu/bolig.aspx?aid=28014&s=2,2000,Frederiksberg,Dirch Passers Allé,18989.08,876.8,21,12.50506539,55.68229518,343140.35421236185,6173542.258045896
"Ben Websters Vej 68, 5. tv2450 København SV",01-12-2017,CEJ Ejendomsadministration,3,93,https://www.findbolig.nu/bolig.aspx?aid=28006&s=2,2450,København SV,Ben Websters Vej,15500.0,1000.0,68,12.55227786,55.64632143,345966.7257172698,6169434.238617558
"Krimsvej  11D, st. th.2300 København S",01-12-2017,Lærernes Pension,2,80,https://www.findbolig.nu/bolig.aspx?aid=27982&s=2,2300,København S,Krimsvej,11628.5,700.0,11D,12.63052703,55.6604819,350943.67336488015,6170838.7225443255
"Poul Hartlings Gade  6, 1. th2300 København S",01-12-2017,Sampension,3,90,https://www.findbolig.nu/bolig.aspx?aid=27953&s=2,2300,København S,Poul Hartlings Gade,14339.38,962.5,6,12.57058515,55.65965788,347170.5119101904,6170877.484761021
"Ben Websters Vej 70, 2. 122450 København SV",01-12-2017,CEJ Ejendomsadministration,4,106,https://www.findbolig.nu/bolig.aspx?aid=28003&s=2,2450,København SV,Ben Websters Vej,15500.0,1000.0,70,12.55251882,55.64619062,345981.37225971674,6169419.150500648
"Gyngemose Parkvej 2E, 5. th2860 Søborg",01-12-2017,CEJ Ejendomsadministration,4,97,https://www.findbolig.nu/bolig.aspx?aid=27997&s=2,2860,Søborg,Gyngemose Parkvej,12400.0,1000.0,2E,12.4737093,55.72607562,341346.9559816328,6178484.314126972
"Gyngemose Parkvej 2E, 6. tv2860 Søborg",01-12-2017,CEJ Ejendomsadministration,4,97,https://www.findbolig.nu/bolig.aspx?aid=27998&s=2,2860,Søborg,Gyngemose Parkvej,12500.0,1000.0,2E,12.4737093,55.72607562,341346.9559816328,6178484.314126972
"Ben Websters Vej 66, 2. tv2450 København SV",01-12-2017,CEJ Ejendomsadministration,3,95,https://www.findbolig.nu/bolig.aspx?aid=28008&s=2,2450,København SV,Ben Websters Vej,15000.0,1000.0,66,12.55210852,55.6463828,345956.31260331406,6169441.442276262
"Ben Websters Vej 66, 4. tv2450 København SV",01-12-2017,CEJ Ejendomsadministration,3,95,https://www.findbolig.nu/bolig.aspx?aid=28009&s=2,2450,København SV,Ben Websters Vej,15000.0,1000.0,66,12.55210852,55.6463828,345956.31260331406,6169441.442276262
"Axel Heides Gade  26, 3. TH2300 København S",01-12-2017,Lærernes Pension,3,83,https://www.findbolig.nu/bolig.aspx?aid=28018&s=2,2300,København S,Axel Heides Gade,13514.97,870.0,26,12.57209657,55.65996201,347266.75613945303,6170907.991604627
"Marmorvej  15B, 1. tv.2100 København Ø",01-12-2017,Pensam,4,136,https://www.findbolig.nu/bolig.aspx?aid=27457&s=2,2100,København Ø,Marmorvej,19720.0,1530.0,15B,12.59482277,55.70440761,348867.6393435747,6175803.0157434475
"Carl Jacobsens Vej  14T, 1. TH2500 Valby",01-12-2017,AP Pension,4,101,https://www.findbolig.nu/bolig.aspx?aid=27107&s=2,2500,Valby,Carl Jacobsens Vej,13664.83,1047.92,14T,12.51911268,55.65330153,343907.91482622107,6170284.932289664
"Artillerivej  154, 4. tv2300 København S",01-12-2017,PKA_Logo_2014,3,91,https://www.findbolig.nu/bolig.aspx?aid=27249&s=2,2300,København S,Artillerivej,12577.08,970.0,154,12.56814482,55.65410511,346995.3665458603,6170265.09286936
"Carl Jacobsens Vej  14G, st.2500 Valby",01-12-2017,AP Pension,4,123,https://www.findbolig.nu/bolig.aspx?aid=26499&s=2,2500,Valby,Carl Jacobsens Vej,14657.5,1281.25,14G,12.51950826,55.6538,343934.7817068657,6170339.4985620165
"Carl Jacobsens Vej  14S, 3. TH2500 Valby",01-12-2017,AP Pension,4,98,https://www.findbolig.nu/bolig.aspx?aid=26518&s=2,2500,Valby,Carl Jacobsens Vej,13609.38,1015.62,14S,12.5193559,55.65322972,343922.92847137875,6170276.395936967
"Carl Jacobsens Vej  14S, 4. TH2500 Valby",01-12-2017,AP Pension,4,98,https://www.findbolig.nu/bolig.aspx?aid=26521&s=2,2500,Valby,Carl Jacobsens Vej,14425.5,1018.75,14S,12.5193559,55.65322972,343922.92847137875,6170276.395936967
"Carl Jacobsens Vej  14T, 2. TH2500 Valby",01-12-2017,AP Pension,4,101,https://www.findbolig.nu/bolig.aspx?aid=26524&s=2,2500,Valby,Carl Jacobsens Vej,13678.42,1048.95,14T,12.51911268,55.65330153,343907.91482622107,6170284.932289664
"Carl Jacobsens Vej  14T, 4. TH2500 Valby",01-12-2017,AP Pension,4,131,https://www.findbolig.nu/bolig.aspx?aid=26528&s=2,2500,Valby,Carl Jacobsens Vej,15865.42,1367.71,14T,12.51911268,55.65330153,343907.91482622107,6170284.932289664
"Carl Jacobsens Vej  14T, st. TH2500 Valby",01-12-2017,AP Pension,4,90,https://www.findbolig.nu/bolig.aspx?aid=26531&s=2,2500,Valby,Carl Jacobsens Vej,12491.5,940.62,14T,12.51911268,55.65330153,343907.91482622107,6170284.932289664
"Kløverbladsgade  55, st.2500 Valby",01-12-2017,AP Pension,4,121,https://www.findbolig.nu/bolig.aspx?aid=26533&s=2,2500,Valby,Kløverbladsgade,14897.5,1262.5,55,12.51917612,55.65429661,343915.8655462427,6170395.49527501
"Kløverbladsgade  63, st.2500 Valby",01-12-2017,AP Pension,4,132,https://www.findbolig.nu/bolig.aspx?aid=26537&s=2,2500,Valby,Kløverbladsgade,15675.0,1375.0,63,12.51936145,55.65429372,343927.51166723634,6170394.7567552
"Kløverbladsgade  71, 2. TV2500 Valby",01-12-2017,AP Pension,4,97,https://www.findbolig.nu/bolig.aspx?aid=26562&s=2,2500,Valby,Kløverbladsgade,13027.58,1011.45,71,12.51886753,55.65395057,343895.0773180437,6170357.691659634
"Kløverbladsgade  73, 1. MF2500 Valby",01-12-2017,AP Pension,3,118,https://www.findbolig.nu/bolig.aspx?aid=26568&s=2,2500,Valby,Kløverbladsgade,13286.25,1230.21,73,12.51884727,55.6535762,343892.3128365178,6170316.087433333
"Kløverbladsgade  73, 1. TV2500 Valby",01-12-2017,AP Pension,3,123,https://www.findbolig.nu/bolig.aspx?aid=26570&s=2,2500,Valby,Kløverbladsgade,13792.5,1277.08,73,12.51884727,55.6535762,343892.3128365178,6170316.087433333
"Kløverbladsgade  73, st. TH2500 Valby",01-12-2017,AP Pension,3,107,https://www.findbolig.nu/bolig.aspx?aid=26580&s=2,2500,Valby,Kløverbladsgade,13119.75,1115.62,73,12.51884727,55.6535762,343892.3128365178,6170316.087433333
"Kløverbladsgade  75, 1. TV2500 Valby",01-12-2017,AP Pension,3,108,https://www.findbolig.nu/bolig.aspx?aid=26583&s=2,2500,Valby,Kløverbladsgade,12968.88,1121.88,75,12.51885933,55.65348558,343892.710762938,6170305.978538306
"Peder Nilen Gade  1, st. lejl. 2403400 Hillerød",01-10-2017,DanicaLogo,3,127,https://www.findbolig.nu/bolig.aspx?aid=23796&s=2,3400,Hillerød,Peder Nilen Gade,13577.25,700.0,1,12.2975147,55.92948464,331168.4273467959,6201530.667389273
"Marmorvej  27, st. th.2100 København Ø",01-10-2017,Pensam,4,129,https://www.findbolig.nu/bolig.aspx?aid=23849&s=2,2100,København Ø,Marmorvej,20789.46,1440.0,27,12.59532573,55.70427165,348898.71191935916,6175786.793029893
"Marmorvej  25, st. th.2100 København Ø",01-10-2017,Pensam,3,94,https://www.findbolig.nu/bolig.aspx?aid=23850&s=2,2100,København Ø,Marmorvej,15308.55,1050.0,25,12.59537301,55.70412253,348901.10662748525,6175770.0994652035
"Artillerivej  92B, 5. tv.2300 København S",01-10-2017,PKA_Logo_2014,4,140,https://www.findbolig.nu/bolig.aspx?aid=23050&s=2,2300,København S,Artillerivej,23606.63,1400.0,92B,12.5757677,55.66149077,347503.59312253504,6171069.996249847
"Amagerfælledvej  116, 1. TV2300 København S",01-10-2017,AP Pension,4,119,https://www.findbolig.nu/bolig.aspx?aid=22012&s=2,2300,København S,Amagerfælledvej,15556.08,1350.0,116,12.59132651,55.65686795,348464.2470385459,6170521.585873095
"Artillerivej  160, 3. 42300 København S",01-10-2017,PKA_Logo_2014,4,129,https://www.findbolig.nu/bolig.aspx?aid=22357&s=2,2300,København S,Artillerivej,16079.84,1400.0,160,12.5678003,55.65353166,346971.45776376827,6170202.053889057
"Teglholmsgade  76, 2. th.2450 København SV",01-10-2017,Pensamlogo,3,94,https://www.findbolig.nu/bolig.aspx?aid=22507&s=2,2450,København SV,Teglholmsgade,13717.61,915.0,76,12.5545268,55.64996496,346122.5110096676,6169834.6051720595
"Artillerivej  160, 7. 42300 København S",01-10-2017,PKA_Logo_2014,4,129,https://www.findbolig.nu/bolig.aspx?aid=24335&s=2,2300,København S,Artillerivej,17135.08,1400.0,160,12.5678003,55.65353166,346971.45776376827,6170202.053889057
"Krimsvej  11B, st. th.2300 København S",01-10-2017,Lærernes Pension,3,109,https://www.findbolig.nu/bolig.aspx?aid=24363&s=2,2300,København S,Krimsvej,14228.5,1200.0,11B,12.62994677,55.66054548,350907.4202866848,6170847.0432984345
"Vestre Teglgade  2G, st. TV2450 København SV",01-10-2017,PKA_Logo_2014,3,124,https://www.findbolig.nu/bolig.aspx?aid=24131&s=2,2450,København SV,Vestre Teglgade,17595.25,1295.0,2G,12.54910441,55.65333034,345794.6224721386,6170221.058185867
"Marmorvej  23, st. th.2100 København Ø",01-10-2017,Pensam,3,100,https://www.findbolig.nu/bolig.aspx?aid=24141&s=2,2100,København Ø,Marmorvej,15984.94,1120.0,23,12.59562819,55.7040575,348916.88689723285,6175762.308345164
"Teglholmsgade  60, 4. mf.2450 København SV",01-10-2017,Pensamlogo,3,96,https://www.findbolig.nu/bolig.aspx?aid=24045&s=2,2450,København SV,Teglholmsgade,14072.12,770.0,60,12.55578204,55.64992595,346201.3246259209,6169827.48153318
"Teglholmsgade  60, 2. tv.2450 København SV",01-10-2017,Pensamlogo,3,96,https://www.findbolig.nu/bolig.aspx?aid=24913&s=2,2450,København SV,Teglholmsgade,13871.06,1040.0,60,12.55578204,55.64992595,346201.3246259209,6169827.48153318
"Teglholmsgade  60, 3. th.2450 København SV",01-10-2017,Pensamlogo,3,91,https://www.findbolig.nu/bolig.aspx?aid=24914&s=2,2450,København SV,Teglholmsgade,14273.18,985.0,60,12.55578204,55.64992595,346201.3246259209,6169827.48153318
"Ben Websters Vej  68, 4. tv2450 København SV",01-10-2017,CEJ Ejendomsadministration,3,93,https://www.findbolig.nu/bolig.aspx?aid=24732&s=2,2450,København SV,Ben Websters Vej,15000.0,1000.0,68,12.55227786,55.64632143,345966.7257172698,6169434.238617558
"Ben Websters Vej  38, st. th2450 København SV",01-10-2017,CEJ Ejendomsadministration,4,120,https://www.findbolig.nu/bolig.aspx?aid=26365&s=2,2450,København SV,Ben Websters Vej,17450.0,1000.0,38,12.55161621,55.64651396,345925.85390937305,6169457.127616339
"Axel Heides Gade  20, st. tv2300 København S",01-10-2017,Sampension,3,108,https://www.findbolig.nu/bolig.aspx?aid=27816&s=2,2300,København S,Axel Heides Gade,17138.78,1320.0,20,12.57102076,55.66041462,347200.8581184234,6170960.715997337
"Axel Heides Gade  12, 5. tv2300 København S",01-10-2017,Sampension,3,90,https://www.findbolig.nu/bolig.aspx?aid=27885&s=2,2300,København S,Axel Heides Gade,14264.41,1160.0,12,12.57061619,55.6602846,347174.90674046637,6170947.141948488
"Vesterbrogade 14, 2. th1620 København V",01-10-2017,AdvokaterLoegstrup,4,112,https://www.findbolig.nu/bolig.aspx?aid=27793&s=2,1620,København V,Vesterbrogade,16000.0,1200.0,14,12.55997759,55.67372062,346558.41149829736,6172465.4510158505
"Marmorvej  45, st. tv.2100 København Ø",01-10-2017,Pensam,4,124,https://www.findbolig.nu/bolig.aspx?aid=27805&s=2,2100,København Ø,Marmorvej,18776.59,1360.0,45,12.59601423,55.70412208,348941.38842956524,6175768.652055812
"Teglholmsgade  60, st. th.2450 København SV",01-10-2017,Pensamlogo,3,92,https://www.findbolig.nu/bolig.aspx?aid=27832&s=2,2450,København SV,Teglholmsgade,12826.25,960.0,60,12.55578204,55.64992595,346201.3246259209,6169827.48153318
"Carl Jacobsens Vej  19N, 3. TV2500 Valby",01-10-2017,Lærernes Pension,4,114,https://www.findbolig.nu/bolig.aspx?aid=27748&s=2,2500,Valby,Carl Jacobsens Vej,15125.1,1175.0,19N,12.51713248,55.65314409,343782.72615202126,6170271.874244686
"Krimsvej  11F, 15. th.2300 København S",01-10-2017,Lærernes Pension,3,101,https://www.findbolig.nu/bolig.aspx?aid=27745&s=2,2300,København S,Krimsvej,16861.83,1100.0,11F,12.63080232,55.66081427,350962.2507203489,6170875.109348939
"C. F. Møllers Alle  2A, 1. TV.2300 København S",01-10-2017,Deas logo,3,101,https://www.findbolig.nu/bolig.aspx?aid=27983&s=2,2300,København S,C.F. Møllers Allé,14168.26,780.0,2A,12.57509581,55.63572083,347361.09971259907,6168204.446316739
"C. F. Møllers Alle  2A, 6. TH.2300 København S",01-10-2017,Deas logo,3,96,https://www.findbolig.nu/bolig.aspx?aid=27984&s=2,2300,København S,C.F. Møllers Allé,14240.0,300.0,2A,12.57509581,55.63572083,347361.09971259907,6168204.446316739
"C. F. Møllers Alle  2A, st.2300 København S",01-10-2017,Deas logo,3,106,https://www.findbolig.nu/bolig.aspx?aid=27985&s=2,2300,København S,C.F. Møllers Allé,15016.67,740.0,2A,12.57509581,55.63572083,347361.09971259907,6168204.446316739
"C. F. Møllers Alle  2B, 1. TV.2300 København S",01-10-2017,Deas logo,3,100,https://www.findbolig.nu/bolig.aspx?aid=27986&s=2,2300,København S,C.F. Møllers Allé,13958.33,790.0,2B,12.57509581,55.63572083,347361.09971259907,6168204.446316739
"C. F. Møllers Alle  2B, 3. TH.2300 København S",01-10-2017,Deas logo,3,96,https://www.findbolig.nu/bolig.aspx?aid=27987&s=2,2300,København S,C.F. Møllers Allé,13800.0,460.0,2B,12.57509581,55.63572083,347361.09971259907,6168204.446316739
"C. F. Møllers Alle  2B, 4. TH.2300 København S",01-10-2017,Deas logo,3,96,https://www.findbolig.nu/bolig.aspx?aid=27988&s=2,2300,København S,C.F. Møllers Allé,14000.0,800.0,2B,12.57509581,55.63572083,347361.09971259907,6168204.446316739
"C. F. Møllers Alle  2C, 5. TV.2300 København S",01-10-2017,Deas logo,3,98,https://www.findbolig.nu/bolig.aspx?aid=27989&s=2,2300,København S,C.F. Møllers Allé,14291.67,1010.0,2C,12.57509581,55.63572083,347361.09971259907,6168204.446316739
"C. F. Møllers Alle  2D, 5. TH.2300 København S",01-10-2017,Deas logo,3,96,https://www.findbolig.nu/bolig.aspx?aid=27990&s=2,2300,København S,C.F. Møllers Allé,14000.0,800.0,2D,12.57509581,55.63572083,347361.09971259907,6168204.446316739
"C. F. Møllers Alle  4F, 2. TV.2300 København S",01-10-2017,Deas logo,3,97,https://www.findbolig.nu/bolig.aspx?aid=27991&s=2,2300,København S,C.F. Møllers Allé,14065.0,1010.0,4F,12.57509581,55.63572083,347361.09971259907,6168204.446316739
"C. F. Møllers Alle  4F, 4. TV.2300 København S",01-10-2017,Deas logo,3,97,https://www.findbolig.nu/bolig.aspx?aid=27992&s=2,2300,København S,C.F. Møllers Allé,14145.83,920.0,4F,12.57509581,55.63572083,347361.09971259907,6168204.446316739
"C.F. Møllers Allé  22, 5. TV2300 København S",01-10-2017,Deas logo,3,98,https://www.findbolig.nu/bolig.aspx?aid=27993&s=2,2300,København S,C.F. Møllers Allé,14291.67,910.0,22,12.57509581,55.63572083,347361.09971259907,6168204.446316739
"C.F. Møllers Allé  22, 7. TH2300 København S",01-10-2017,Deas logo,3,104,https://www.findbolig.nu/bolig.aspx?aid=27994&s=2,2300,København S,C.F. Møllers Allé,15383.33,1090.0,22,12.57509581,55.63572083,347361.09971259907,6168204.446316739
"C.F. Møllers Allé  22, st. TH2300 København S",01-10-2017,Deas logo,3,104,https://www.findbolig.nu/bolig.aspx?aid=27995&s=2,2300,København S,C.F. Møllers Allé,14733.33,998.0,22,12.57509581,55.63572083,347361.09971259907,6168204.446316739
"Carl Jacobsens Vej  19Z, 5. TV2500 Valby",01-10-2017,Lærernes Pension,4,105,https://www.findbolig.nu/bolig.aspx?aid=27891&s=2,2500,Valby,Carl Jacobsens Vej,13542.24,1100.0,19Z,12.51846316,55.65317352,343866.54812444595,6170272.152527549
"Artillerivej  106, 1. TV.2300 København S",01-10-2017,Lærernes Pension,3,94,https://www.findbolig.nu/bolig.aspx?aid=27931&s=2,2300,København S,Artillerivej,13516.06,1120.0,106,12.571837,55.65944751,347248.4265927423,6170851.322601538
"Stiholmsvej 4, 2. 33460 Birkerød",01-10-2017,CEJ Ejendomsadministration,4,157,https://www.findbolig.nu/bolig.aspx?aid=27936&s=2,3460,Birkerød,Stiholmsvej,13659.0,1300.0,4,12.43078478,55.83902594,339118.17271442525,6191149.384260703
"Dambakken 57, 1. th3460 Birkerød",01-10-2017,CEJ Ejendomsadministration,3,106,https://www.findbolig.nu/bolig.aspx?aid=27937&s=2,3460,Birkerød,Dambakken,12500.0,1250.0,57,12.43718668,55.84544513,339545.40582505055,6191848.678112358
"Dambakken 55, 1. th3460 Birkerød",01-10-2017,CEJ Ejendomsadministration,4,124,https://www.findbolig.nu/bolig.aspx?aid=27939&s=2,3460,Birkerød,Dambakken,13950.0,1510.0,55,12.43690662,55.84566498,339528.7819886487,6191873.786495835
"Marmorvej  47, 1. tv.2100 København Ø",01-10-2017,Pensam,3,99,https://www.findbolig.nu/bolig.aspx?aid=27944&s=2,2100,København Ø,Marmorvej,15152.84,1120.0,47,12.59603339,55.70397018,348942.0059910831,6175751.710495652
"Rytterparken  87 , st.  2765 Smørum",01-10-2017,Deas Logo,4,111,https://www.findbolig.nu/bolig.aspx?aid=27967&s=2,2765,Smørum,Rytterparken,12160.52,,87,12.29287199,55.73525934,330033.1394594124,6179934.761554511
"Ben Websters Vej 90, st.2450 København SV",01-10-2017,CEJ Ejendomsadministration,3,97,https://www.findbolig.nu/bolig.aspx?aid=28001&s=2,2450,København SV,Ben Websters Vej,14500.0,1000.0,90,12.55203376,55.6458772,345949.6237737976,6169385.358266016
"Dag Hammarskjölds Alle  19, 5. th.2100 København Ø",15-10-2017,Danske civil- og akademiingeniørers Pensionskasse,2,105,https://www.findbolig.nu/bolig.aspx?aid=27979&s=2,2100,København Ø,Dag Hammarskjölds Allé,13222.83,790.0,19,12.58378023,55.69302259,348129.76481338474,6174560.49485281
"Frihedsvej  6, 1. tv2960 Rungsted Kyst",15-10-2017,Logo,4,161,https://www.findbolig.nu/bolig.aspx?aid=27924&s=2,2960,Rungsted Kyst,Frihedsvej,18722.83,1350.0,6,12.52808001,55.88400136,345388.07582472905,6195931.318522408
"Gyvelholm  13 , 1.  2830 Virum",15-10-2017,Deas Logo,3,105,https://www.findbolig.nu/bolig.aspx?aid=27810&s=2,2830,Virum,Gyvelholm,14817.36,,13,12.44410112,55.79359793,339765.1961381149,6186064.502459997
"Artillerivej  156, 5. th.2300 København S",15-10-2017,PKA_Logo_2014,4,123,https://www.findbolig.nu/bolig.aspx?aid=24567&s=2,2300,København S,Artillerivej,16017.96,1285.0,156,12.56808428,55.6539345,346990.89280656737,6170246.245258105
"Poul Reichhardts Vej  10, 1. tv.2500 Valby",15-10-2017,PKA_Logo_2014,5,122,https://www.findbolig.nu/bolig.aspx?aid=27363&s=2,2500,Valby,Poul Reichhardts Vej,14107.29,1781.0,10,12.50980744,55.65612445,343333.8597838938,6170619.968097105
"Falkoner Alle  2, 1.  2000 Frederiksberg",15-10-2017,PKA_Logo_2014,4,170,https://www.findbolig.nu/bolig.aspx?aid=27184&s=2,2000,Frederiksberg,Falkoner Allé,21277.98,1575.0,2,12.53354535,55.67850376,344915.5135256101,6173056.392206741
"Margretheholmsvej  16, 6. tv.1432 København K",15-10-2017,PKA_Logo_2014,4,92,https://www.findbolig.nu/bolig.aspx?aid=27297&s=2,1432,København K,Margretheholmsvej,13698.3,960.0,16,12.61554326,55.68344104,350089.12569892866,6173425.370982714
"Vejlegade 10, st.2100 København Ø",01-11-2017,CEJ Ejendomsadministration,2,68,https://www.findbolig.nu/bolig.aspx?aid=21518&s=2,2100,København Ø,Vejlegade,12500.0,1000.0,10,12.58611188,55.70514302,348323.2469357577,6175903.858383839
"H.C. Andersens Boulevard 41, 3. th1553 København V",Ledig nu,AdvokaterLoegstrup,2,125,https://www.findbolig.nu/bolig.aspx?aid=24827&s=2,1553,København V,H.C. Andersens Boulevard,14000.0,2000.0,41,12.57500666,55.67267054,347499.2275024619,6172315.474880017
"H.C. Andersens Boulevard  41, 2. th1553 København V",Ledig nu,AdvokaterLoegstrup,2,125,https://www.findbolig.nu/bolig.aspx?aid=26960&s=2,1553,København V,H.C. Andersens Boulevard,14000.0,2000.0,41,12.57500666,55.67267054,347499.2275024619,6172315.474880017
"Frederikskaj  2F, 1. th2450 København SV",Ledig nu,PFA Logo,3,111,https://www.findbolig.nu/bolig.aspx?aid=25308&s=2,2450,København SV,Frederikskaj,13783.0,1249.0,2F,12.54412421,55.64676949,345455.50171870226,6169502.220821238
"Frederikskaj  2F, 2. th2450 København SV",Ledig nu,PFA Logo,3,112,https://www.findbolig.nu/bolig.aspx?aid=25310&s=2,2450,København SV,Frederikskaj,14000.0,1260.0,2F,12.54412421,55.64676949,345455.50171870226,6169502.220821238
"Frederikskaj  2F, st. th2450 København SV",Ledig nu,PFA Logo,3,111,https://www.findbolig.nu/bolig.aspx?aid=25312&s=2,2450,København SV,Frederikskaj,13690.0,1249.0,2F,12.54412421,55.64676949,345455.50171870226,6169502.220821238
"Frederikskaj  2G, 1. tv2450 København SV",Ledig nu,PFA Logo,4,109,https://www.findbolig.nu/bolig.aspx?aid=25315&s=2,2450,København SV,Frederikskaj,14988.0,1227.0,2G,12.5443451,55.64679799,345469.5111581856,6169504.899498417
"Frederikskaj  2G, 3. tv2450 København SV",Ledig nu,PFA Logo,4,110,https://www.findbolig.nu/bolig.aspx?aid=25319&s=2,2450,København SV,Frederikskaj,15583.0,1238.0,2G,12.5443451,55.64679799,345469.5111581856,6169504.899498417
"Frederikskaj  2G, 4. tv2450 København SV",Ledig nu,PFA Logo,4,109,https://www.findbolig.nu/bolig.aspx?aid=25321&s=2,2450,København SV,Frederikskaj,15896.0,1227.0,2G,12.5443451,55.64679799,345469.5111581856,6169504.899498417
"Frederikskaj  2M, 2. th2450 København SV",Ledig nu,PFA Logo,3,112,https://www.findbolig.nu/bolig.aspx?aid=25326&s=2,2450,København SV,Frederikskaj,14280.0,1260.0,2M,12.54385092,55.64695984,345439.0577562602,6169524.00681508
"Frederikskaj  2M, 3. th2450 København SV",Ledig nu,PFA Logo,3,111,https://www.findbolig.nu/bolig.aspx?aid=25328&s=2,2450,København SV,Frederikskaj,14245.0,1249.0,2M,12.54385092,55.64695984,345439.0577562602,6169524.00681508
"Frederikskaj  2m, 5. th2450 København SV",Ledig nu,PFA Logo,3,112,https://www.findbolig.nu/bolig.aspx?aid=25332&s=2,2450,København SV,Frederikskaj,14653.0,1260.0,2m,12.54385092,55.64695984,345439.0577562602,6169524.00681508
"Frederikskaj  2M, st. th2450 København SV",Ledig nu,PFA Logo,3,111,https://www.findbolig.nu/bolig.aspx?aid=25334&s=2,2450,København SV,Frederikskaj,13968.0,1249.0,2M,12.54385092,55.64695984,345439.0577562602,6169524.00681508
"Frederikskaj  2N, 1. tv2450 København SV",Ledig nu,PFA Logo,4,110,https://www.findbolig.nu/bolig.aspx?aid=25337&s=2,2450,København SV,Frederikskaj,15033.0,1238.0,2N,12.54406907,55.64701251,345452.9899710641,6169529.380545928
"Frederikskaj  2N, 2. tv2450 København SV",Ledig nu,PFA Logo,4,111,https://www.findbolig.nu/bolig.aspx?aid=25339&s=2,2450,København SV,Frederikskaj,15263.0,1249.0,2N,12.54406907,55.64701251,345452.9899710641,6169529.380545928
"Frederikskaj  2N, 3. tv2450 København SV",Ledig nu,PFA Logo,4,110,https://www.findbolig.nu/bolig.aspx?aid=25341&s=2,2450,København SV,Frederikskaj,15583.0,1238.0,2N,12.54406907,55.64701251,345452.9899710641,6169529.380545928
"Frederikskaj  2A, 1. tv2450 København SV",Ledig nu,PFA Logo,4,118,https://www.findbolig.nu/bolig.aspx?aid=26340&s=2,2450,København SV,Frederikskaj,15537.0,1328.0,2A,12.54355833,55.64673091,345419.74766399094,6169499.189409611
"Frederikskaj  2A, 2. tv2450 København SV",Ledig nu,PFA Logo,4,117,https://www.findbolig.nu/bolig.aspx?aid=26342&s=2,2450,København SV,Frederikskaj,15503.0,1317.0,2A,12.54355833,55.64673091,345419.74766399094,6169499.189409611
"Frederikskaj  2A, 3. tv2450 København SV",Ledig nu,PFA Logo,4,117,https://www.findbolig.nu/bolig.aspx?aid=26344&s=2,2450,København SV,Frederikskaj,15600.0,1317.0,2A,12.54355833,55.64673091,345419.74766399094,6169499.189409611
"Frederikskaj  2A, 4. tv2450 København SV",Ledig nu,PFA Logo,4,118,https://www.findbolig.nu/bolig.aspx?aid=26346&s=2,2450,København SV,Frederikskaj,15832.0,1328.0,2A,12.54355833,55.64673091,345419.74766399094,6169499.189409611
"Frederikskaj  2C, 1. tv2450 København SV",Ledig nu,PFA Logo,4,112,https://www.findbolig.nu/bolig.aspx?aid=26355&s=2,2450,København SV,Frederikskaj,15307.0,1260.0,2C,12.54398388,55.64647134,345445.4983571286,6169469.363138273
"Frederikskaj  2C, 2. tv2450 København SV",Ledig nu,PFA Logo,4,111,https://www.findbolig.nu/bolig.aspx?aid=26357&s=2,2450,København SV,Frederikskaj,15355.0,1249.0,2C,12.54398388,55.64647134,345445.4983571286,6169469.363138273
"Frederikskaj  2C, 3. tv2450 København SV",Ledig nu,PFA Logo,4,112,https://www.findbolig.nu/bolig.aspx?aid=26359&s=2,2450,København SV,Frederikskaj,15587.0,1260.0,2C,12.54398388,55.64647134,345445.4983571286,6169469.363138273
"Frederikskaj  2C, 4. tv2450 København SV",Ledig nu,PFA Logo,4,111,https://www.findbolig.nu/bolig.aspx?aid=26361&s=2,2450,København SV,Frederikskaj,15633.0,1249.0,2C,12.54398388,55.64647134,345445.4983571286,6169469.363138273
"Marmorvej  9B, 1. tv.2100 København Ø",Ledig nu,Pensam,4,136,https://www.findbolig.nu/bolig.aspx?aid=23002&s=2,2100,København Ø,Marmorvej,19720.0,1530.0,9B,12.59373799,55.70388918,348797.48807129334,6175747.7025703015
"Marmorvej  9C, 2. th.2100 København Ø",Ledig nu,Pensam,4,128,https://www.findbolig.nu/bolig.aspx?aid=23011&s=2,2100,København Ø,Marmorvej,19840.0,1440.0,9C,12.59373086,55.70407148,348797.74424865056,6175768.000108133
"Teglholm Tværvej 10, 4. th2450 København SV",Ledig nu,TDCP,4,101,https://www.findbolig.nu/bolig.aspx?aid=25177&s=2,2450,København SV,Teglholm Tværvej,14309.0,1140.0,10,12.55096745,55.65015373,345899.33568282326,6169863.507565874
"Teglholm Tværvej 6, 4. th2450 København SV",Ledig nu,TDCP,4,101,https://www.findbolig.nu/bolig.aspx?aid=25201&s=2,2450,København SV,Teglholm Tværvej,14309.0,1140.0,6,12.55074527,55.64994805,345884.5504401127,6169841.11841285
"Teglholm Tværvej 8, 1. th2450 København SV",Ledig nu,TDCP,4,101,https://www.findbolig.nu/bolig.aspx?aid=25210&s=2,2450,København SV,Teglholm Tværvej,14056.0,1140.0,8,12.55085706,55.65005334,345891.99674121686,6169852.584000614
"Teglholm Tværvej 8, 3. th2450 København SV",Ledig nu,TDCP,4,101,https://www.findbolig.nu/bolig.aspx?aid=25218&s=2,2450,København SV,Teglholm Tværvej,14225.0,1140.0,8,12.55085706,55.65005334,345891.99674121686,6169852.584000614
"Marmorvej  15C, 1. th.2100 København Ø",Ledig nu,Pensam,4,130,https://www.findbolig.nu/bolig.aspx?aid=27411&s=2,2100,København Ø,Marmorvej,19608.0,1475.0,15C,12.59484602,55.70423437,348868.4311645192,6175783.69104542
"Marmorvej  15C, st. th.2100 København Ø",Ledig nu,Pensam,4,122,https://www.findbolig.nu/bolig.aspx?aid=22945&s=2,2100,København Ø,Marmorvej,19317.0,1400.0,15C,12.59484602,55.70423437,348868.4311645192,6175783.69104542
